1,52375223,ADMIN,01,15,02,08,,0,akt0079737,12121900203,ADMIN,2013-01-08 11:12:56.000
2,52375224,ADMIN,01,15,02,08,,0,akt0078365,12122500294,ADMIN,2013-01-08 11:17:06.000
3,52375225,ADMIN,08,11,02,08,,0,akt0080961,11110600022,ADMIN,2013-01-09 09:41:21.000
4,52375226,ADMIN,01,15,02,08,,0,akt0081613,12111901917,ADMIN,2013-01-08 11:23:12.000
5,52375227,ADMIN,01,15,02,08,,0,akt0081616,12121700007,ADMIN,2013-01-08 11:25:42.000
6,52375228,ADMIN,01,15,01,01,,5960,akt0079737,12102800080,ADMIN,2013-01-08 11:30:52.000
7,52375228,ADMIN,01,15,01,01,,2980,akt0079737,12112600119,ADMIN,2013-01-08 11:30:52.000
8,52375228,ADMIN,01,15,02,08,,0,akt0079737,12122400592,ADMIN,2013-01-08 11:30:52.000
9,52375229,ADMIN,01,15,02,08,,0,akt0081613,12121901869,ADMIN,2013-01-08 11:23:41.000
10,52375230,ADMIN,01,15,01,01,,4880,akt0081613,12092204449,ADMIN,2013-01-08 11:33:38.000
11,52375230,ADMIN,01,15,02,08,,0,akt0081613,12102304073,ADMIN,2013-01-08 11:33:38.000
12,52375231,ADMIN,01,15,02,08,,0,akt0079737,12120300481,ADMIN,2013-01-08 12:37:10.000
13,52375232,ADMIN,01,15,02,08,,0,akt0081613,12121901559,ADMIN,2013-01-08 12:43:38.000
14,52375233,ADMIN,01,15,02,08,,0,akt0074848,12122000001,ADMIN,2013-01-08 12:48:29.000
15,52375234,ADMIN,01,15,02,08,,0,akt0079737,12122500731,ADMIN,2013-01-08 12:55:43.000
16,52375235,ADMIN,01,15,02,08,,0,akt0080760,12121900143,ADMIN,2013-01-08 13:01:51.000
17,52375236,ADMIN,01,15,02,08,,0,akt0080760,12121900143,ADMIN,2013-01-08 13:05:39.000
18,52375237,ADMIN,01,15,02,08,,0,akt0080760,12121900143,ADMIN,2013-01-08 13:06:01.000
19,52375238,ADMIN,01,15,02,08,,0,akt0081613,12112301104,ADMIN,2013-01-08 13:10:54.000
20,52375239,ADMIN,01,14,02,08,,0,,,ADMIN,2013-04-01 11:53:22.000
21,52375240,ADMIN,01,15,02,08,,0,akt0081613,12122501072,ADMIN,2013-01-08 13:20:04.000
22,52375241,ADMIN,01,25,02,08,,0,akt0074825,12091100488,ADMIN,2013-05-27 00:00:00.000
23,52375242,ADMIN,01,15,01,01,,2400,akt0075796,12091800007,ADMIN,2013-01-08 14:18:44.000
24,52375242,ADMIN,01,15,02,08,,0,akt0057330,12091800006,ADMIN,2013-01-08 14:18:44.000
25,52375243,ADMIN,01,15,02,08,,0,akt0078671,12100100140,ADMIN,2013-01-08 14:20:49.000
26,52375244,ADMIN,01,15,02,08,,0,akt0022610,12122700016,ADMIN,2013-01-08 14:33:09.000
27,52375245,ADMIN,01,15,02,08,,0,akt0027280,12121200025,ADMIN,2013-01-08 14:40:46.000
28,52375246,ADMIN,01,15,02,08,,0,akt0077394,12120400287,ADMIN,2013-01-08 14:32:13.000
29,52375247,ADMIN,01,15,01,01,,320,akt0081056,12071900015,ADMIN,2013-01-08 14:49:44.000
30,52375247,ADMIN,01,25,02,08,,0,akt0081056,12071900015,ADMIN,2013-05-23 11:31:14.000
31,52375248,ADMIN,01,15,02,08,,0,akt0081613,12121901186,ADMIN,2013-01-08 15:00:06.000
32,52375249,ADMIN,01,15,02,08,,0,akt0081626,12112800019,ADMIN,2013-01-08 15:02:34.000
33,52375250,ADMIN,01,13,02,08,,0,akt0081657,12121400001,ADMIN,2013-01-18 18:25:27.000
34,52375251,ADMIN,01,15,02,08,,0,akt0081825,12122100022,ADMIN,2013-01-08 15:17:38.000
35,52375252,ADMIN,01,15,01,01,,3060,akt0081094,12121400006,ADMIN,2013-01-09 09:45:28.000
36,52375252,ADMIN,01,15,02,08,,0,akt0081094,12121400002,ADMIN,2013-01-09 09:45:28.000
37,52375253,ADMIN,01,15,02,08,,0,akt0074399,12122000020,ADMIN,2013-01-09 09:47:51.000
38,52375254,ADMIN,01,15,01,01,,5670,akt0059660,12040500052,ADMIN,2013-01-09 09:51:09.000
39,52375254,ADMIN,01,15,02,08,,0,akt0075237,12041200017,ADMIN,2013-01-09 09:51:09.000
40,52375255,ADMIN,01,15,02,08,,0,akt0075124,12102200232,ADMIN,2013-01-09 09:53:30.000
41,52375256,ADMIN,01,15,02,08,,0,akt0075583,12111900013,ADMIN,2013-01-09 10:00:13.000
42,52375257,ADMIN,01,15,02,08,,0,akt0082406,12121800052,ADMIN,2013-01-09 10:02:12.000
43,52375258,ADMIN,01,15,01,01,,180,akt0050040,12121400063,ADMIN,2013-01-09 10:05:12.000
44,52375258,ADMIN,01,19,02,08,,0,akt0050040,12121400063,ADMIN,2013-01-09 10:05:12.000
45,52375259,ADMIN,01,15,02,08,,0,akt0081613,12121601420,ADMIN,2013-01-09 10:07:03.000
46,52375260,ADMIN,01,15,02,08,,0,akt0075547,12121900005,ADMIN,2013-01-09 10:09:47.000
47,52375261,ADMIN,01,15,02,08,,0,akt0074616,12122100046,ADMIN,2013-01-09 10:11:26.000
48,52375262,ADMIN,01,15,02,08,,0,akt0074351,12120300063,ADMIN,2013-01-09 10:14:58.000
49,52375263,ADMIN,01,15,02,08,,0,akt0080162,12050700037,ADMIN,2013-01-09 10:17:42.000
50,52375264,ADMIN,01,15,02,08,,0,akt0082141,12120400143,ADMIN,2013-01-19 14:34:44.000
51,52375265,ADMIN,01,15,02,08,,0,akt0081613,12122100089,ADMIN,2013-01-09 10:25:56.000
52,52375266,ADMIN,01,15,02,08,,0,akt0073420,12050400160,ADMIN,2013-01-09 10:27:53.000
53,52375267,ADMIN,01,15,02,08,,0,akt0081613,12122100473,ADMIN,2013-01-09 10:29:32.000
54,52375268,ADMIN,01,15,02,08,,0,akt0081613,12101301428,ADMIN,2013-01-09 10:31:31.000
55,52375269,ADMIN,01,15,02,08,,0,akt0055260,12112900173,ADMIN,2013-01-09 10:33:36.000
56,52375270,ADMIN,01,15,02,08,,0,akt0082028,12110100040,ADMIN,2013-05-23 11:25:50.000
57,52375271,ADMIN,01,15,02,08,,0,akt0079700,12122000068,ADMIN,2013-01-09 10:41:38.000
58,52375272,ADMIN,01,15,01,01,,13625,akt0079375,12121100024,ADMIN,2013-01-08 17:26:48.000
59,52375272,ADMIN,01,15,02,08,,0,akt0079375,12121100025,ADMIN,2013-01-08 17:26:48.000
60,52375273,ADMIN,01,15,02,08,,0,akt0081229,12122600101,ADMIN,2013-01-09 10:43:20.000
61,52375274,ADMIN,01,15,02,08,,0,akt0080105,12031400018,ADMIN,2013-01-09 10:52:25.000
62,52375275,ADMIN,01,15,02,08,,0,akt0081613,12122100208,ADMIN,2013-01-09 10:54:48.000
63,52375276,ADMIN,01,15,01,01,,1980,akt0079737,12113000545,ADMIN,2013-01-09 10:57:47.000
64,52375276,ADMIN,01,15,02,08,,0,akt0079737,12102502028,ADMIN,2013-01-09 10:57:47.000
65,52375277,ADMIN,01,15,02,08,,0,akt0081613,12122500136,ADMIN,2013-01-09 11:01:42.000
66,52375278,ADMIN,01,15,02,08,,0,akt0079737,12120800076,ADMIN,2013-01-09 11:03:57.000
67,52375279,ADMIN,01,15,02,08,,0,akt0031400,12061900012,ADMIN,2013-01-09 11:06:46.000
68,52375280,ADMIN,01,15,02,08,,0,akt0079220,12051000040,ADMIN,2013-01-09 11:17:52.000
69,52375281,ADMIN,01,15,02,08,,0,akt0078967,12121700142,ADMIN,2013-01-08 16:07:06.000
70,52375282,ADMIN,01,15,02,08,,0,akt0081613,12122501414,ADMIN,2013-01-09 11:20:07.000
71,52375283,ADMIN,01,15,01,01,,9717,akt0078671,12112402142,ADMIN,2013-01-09 11:22:58.000
72,52375283,ADMIN,01,15,02,08,,0,akt0078671,12112401397,ADMIN,2013-01-09 11:22:58.000
73,52375284,ADMIN,01,13,02,08,,0,,,ADMIN,2013-01-18 18:36:08.000
74,52375285,ADMIN,01,15,02,08,,0,akt0079277,12121100001,ADMIN,2013-05-23 11:28:41.000
75,52375286,ADMIN,01,15,02,08,,0,akt0079737,12110800714,ADMIN,2013-01-09 13:38:44.000
76,52375287,ADMIN,01,11,02,08,,0,akt0079757,11040800013,ADMIN,2013-01-09 13:49:58.000
77,52375288,ADMIN,01,15,02,08,,0,akt0026280,12121100008,ADMIN,2013-01-09 13:54:07.000
78,52375289,ADMIN,01,15,02,08,,0,akt0026280,12121100008,ADMIN,2013-01-09 13:54:23.000
79,52375290,ADMIN,01,15,02,08,,0,akt0079033,12061400001,ADMIN,2013-01-09 13:57:31.000
80,52375291,ADMIN,01,13,02,08,,0,,,ADMIN,2013-01-18 18:37:38.000
81,52375292,ADMIN,01,15,02,08,,0,akt0081613,12122500157,ADMIN,2013-01-10 09:53:20.000
82,52375293,ADMIN,01,15,02,08,,0,akt0081613,12122600743,ADMIN,2013-01-10 09:56:00.000
83,52375294,ADMIN,01,15,02,08,,0,akt0081613,12122301432,ADMIN,2013-01-10 09:58:06.000
84,52375295,ADMIN,01,15,02,08,,0,akt0079737,12122400126,ADMIN,2013-01-10 10:01:16.000
85,52375296,ADMIN,01,15,02,08,,0,akt0080415,12112300001,ADMIN,2013-01-10 10:37:33.000
86,52375297,ADMIN,01,15,02,08,,0,akt0081613,12121902115,ADMIN,2013-01-10 10:42:22.000
87,52375298,ADMIN,01,15,02,08,,0,akt0081613,12091800053,ADMIN,2013-01-10 10:48:08.000
88,52375299,ADMIN,01,15,02,08,,0,akt0079277,12120300066,ADMIN,2013-01-10 10:50:47.000
89,52375300,ADMIN,01,15,02,08,,0,akt0027280,12121700154,ADMIN,2013-01-10 10:57:42.000
90,52375301,ADMIN,01,15,01,01,,6020,akt0062290,12113000001,ADMIN,2013-01-08 12:08:51.000
91,52375301,ADMIN,01,15,02,08,,0,akt0062290,12121900006,ADMIN,2013-01-08 12:08:51.000
92,52375302,ADMIN,01,15,02,08,,0,akt0056720,12102200010,ADMIN,2013-01-10 11:01:12.000
93,52375303,ADMIN,01,15,02,08,,0,akt0075397,12073000005,ADMIN,2013-01-10 10:56:10.000
94,52375304,ADMIN,01,15,01,01,,5540,akt0081613,12112203813,ADMIN,2013-01-10 11:04:55.000
95,52375304,ADMIN,01,15,02,08,,0,akt0081613,12122303361,ADMIN,2013-01-10 11:04:55.000
96,52375305,ADMIN,01,15,02,08,,0,akt0080161,12122600349,ADMIN,2013-01-21 12:34:40.000
97,52375306,ADMIN,01,15,01,01,,4950,akt0081616,12112200114,ADMIN,2013-05-23 12:16:39.000
98,52375306,ADMIN,01,15,02,08,,0,akt0081616,13042600107,ADMIN,2013-05-23 12:16:39.000
99,52375307,ADMIN,01,15,02,08,,0,akt0081616,12122700062,ADMIN,2013-01-10 11:29:02.000
100,52375308,ADMIN,01,15,02,08,,0,akt0081616,12120200009,ADMIN,2013-01-10 12:49:27.000
101,52375309,ADMIN,01,15,02,08,,0,akt0081613,12122700423,ADMIN,2013-01-10 12:51:27.000
102,52375310,ADMIN,01,15,01,01,,5960,akt0079737,12102400133,ADMIN,2013-01-10 12:56:32.000
103,52375310,ADMIN,01,15,01,01,,2980,akt0079737,12122200505,ADMIN,2013-01-10 12:56:32.000
104,52375310,ADMIN,01,15,02,08,,0,akt0079737,12112201609,ADMIN,2013-01-10 12:56:32.000
105,52375311,ADMIN,01,15,02,08,,0,akt0026310,12121200021,ADMIN,2013-01-08 13:45:40.000
106,52375312,ADMIN,01,15,02,08,,0,akt0076601,12122400005,ADMIN,2013-01-10 12:58:35.000
107,52375313,ADMIN,01,15,02,08,,0,akt0081552,12100900020,ADMIN,2013-01-10 13:27:02.000
108,52375314,ADMIN,01,15,02,08,,0,akt0079757,12112900042,ADMIN,2013-01-10 13:39:45.000
109,52375315,ADMIN,01,15,02,08,,0,akt0081616,12121800015,ADMIN,2013-01-10 13:42:17.000
110,52375316,ADMIN,01,15,02,08,,0,akt0081613,12122700910,ADMIN,2013-01-10 13:46:38.000
111,52375317,ADMIN,01,15,01,01,,3870,akt0079737,12121800057,ADMIN,2013-01-09 17:31:51.000
112,52375317,ADMIN,01,15,02,08,,0,akt0079737,12101800816,ADMIN,2013-01-09 17:31:51.000
113,52375318,ADMIN,01,15,01,01,,4621,akt0077380,12092100001,ADMIN,2013-01-10 13:57:42.000
114,52375318,ADMIN,01,15,01,01,,1061,akt0077380,12092000004,ADMIN,2013-01-10 13:57:42.000
115,52375318,ADMIN,01,15,02,08,,0,akt0077380,12092000003,ADMIN,2013-01-10 13:57:42.000
116,52375319,ADMIN,01,15,02,08,,0,akt0081613,12122302783,ADMIN,2013-01-10 14:58:05.000
117,52375320,ADMIN,01,15,02,08,,0,akt0079737,12092501787,ADMIN,2013-01-10 15:03:09.000
118,52375321,ADMIN,01,15,02,08,,0,akt0045030,13011000030,ADMIN,2013-01-15 18:52:34.000
119,52375322,ADMIN,01,14,02,08,,0,,,ADMIN,2013-01-17 20:01:13.000
120,52375323,ADMIN,01,15,02,08,,0,akt0050050,12110600046,ADMIN,2013-01-10 16:46:48.000
121,52375324,ADMIN,01,15,02,08,,0,akt0074825,12120800919,ADMIN,2013-01-10 17:01:24.000
122,52375325,ADMIN,01,16,02,08,,0,akt0076271,12121900158,ADMIN,2013-01-28 11:30:22.000
123,52375326,ADMIN,01,15,02,08,,0,akt0079509,12060600001,ADMIN,2013-01-10 16:34:15.000
124,52375327,ADMIN,01,15,02,08,,0,akt0079545,12083100001,ADMIN,2013-01-10 16:37:29.000
125,52375328,ADMIN,01,15,01,01,,8600,akt0080307,12120900032,ADMIN,2013-01-10 16:41:42.000
126,52375328,ADMIN,01,15,01,01,,3760,akt0081020,12121500005,ADMIN,2013-01-10 16:41:42.000
127,52375328,ADMIN,01,15,02,08,,0,akt0081020,12122100001,ADMIN,2013-01-10 16:41:42.000
128,52375329,ADMIN,01,14,02,08,,0,,,ADMIN,2013-01-15 11:15:55.000
129,52375330,ADMIN,01,15,02,08,,0,akt0076477,12120500024,ADMIN,2013-01-11 18:19:38.000
130,52375331,ADMIN,01,15,01,01,,2224,akt0080454,12090200053,ADMIN,2013-01-10 15:16:49.000
131,52375331,ADMIN,01,15,02,08,,0,akt0080454,12090600038,ADMIN,2013-01-10 15:16:49.000
132,52375332,ADMIN,01,15,02,08,,0,akt0079277,12111600209,ADMIN,2013-01-10 17:04:56.000
133,52375333,ADMIN,01,15,01,01,,3106,akt0074821,12081200001,ADMIN,2013-01-11 10:49:31.000
134,52375333,ADMIN,01,15,02,08,,0,akt0074821,12081800002,ADMIN,2013-01-11 10:49:31.000
135,52375334,ADMIN,01,15,02,08,,0,akt0079770,12122500016,ADMIN,2013-01-11 10:55:58.000
136,52375335,ADMIN,01,15,02,08,,0,akt0081613,12121400309,ADMIN,2013-01-11 10:58:59.000
137,52375336,ADMIN,01,15,01,01,,3455,akt0079710,12090300001,ADMIN,2013-01-11 11:03:26.000
138,52375336,ADMIN,01,15,01,01,,410,akt0079710,12091000002,ADMIN,2013-01-11 11:03:26.000
139,52375336,ADMIN,01,25,02,08,,0,akt0079710,12090300001,ADMIN,2013-05-23 12:25:40.000
140,52375337,ADMIN,01,15,02,08,,0,akt0081613,12111500938,ADMIN,2013-01-11 11:21:39.000
141,52375338,ADMIN,01,15,02,08,,0,akt0081616,12112800013,ADMIN,2013-01-11 11:28:22.000
142,52375339,ADMIN,01,15,02,08,,0,akt0079737,12122400765,ADMIN,2013-01-11 11:30:47.000
143,52375340,ADMIN,01,13,02,08,,0,akt0069840,12110500001,ADMIN,2013-01-21 19:15:18.000
144,52375341,ADMIN,01,15,02,08,,0,akt0027280,12121100038,ADMIN,2013-01-30 16:45:16.000
145,52375342,ADMIN,01,15,01,01,,10,akt0077376,12121400005,ADMIN,2013-01-11 11:58:42.000
146,52375342,ADMIN,01,19,02,08,,0,akt0077376,12121400005,ADMIN,2013-01-11 11:58:42.000
147,52375343,ADMIN,01,15,02,08,,0,akt0077416,12110700016,ADMIN,2013-02-04 11:31:21.000
148,52375344,ADMIN,01,15,02,08,,0,akt0076076,12081300003,ADMIN,2013-01-11 12:06:32.000
149,52375345,ADMIN,01,15,02,08,,0,akt0080453,12102200144,ADMIN,2013-01-11 12:10:47.000
150,52375346,ADMIN,01,15,02,08,,0,akt0080468,12120200288,ADMIN,2013-01-11 12:11:41.000
151,52375347,ADMIN,01,15,01,01,,4500,akt0045030,12121900092,ADMIN,2013-01-11 17:28:16.000
152,52375347,ADMIN,01,15,02,08,,0,akt0045030,12121900093,ADMIN,2013-01-11 17:28:16.000
153,52375348,ADMIN,01,15,01,01,,14800,akt0031600,12120500003,ADMIN,2013-01-11 17:31:11.000
154,52375348,ADMIN,01,15,02,08,,0,akt0031600,12120900003,ADMIN,2013-01-11 17:31:11.000
155,52375349,ADMIN,01,15,01,01,,45,akt0079481,12100400015,ADMIN,2013-03-05 15:06:08.000
156,52375349,ADMIN,01,19,02,08,,0,akt0079481,12100400015,ADMIN,2013-03-05 15:06:08.000
157,52375350,ADMIN,01,15,02,08,,0,akt0079737,12111500790,ADMIN,2013-01-11 17:43:28.000
158,52375351,ADMIN,08,11,02,08,,0,akt0080544,11101200021,ADMIN,2013-01-11 17:45:02.000
159,52375352,ADMIN,01,15,01,01,,460,akt0078671,12120700282,ADMIN,2013-01-12 15:08:37.000
160,52375352,ADMIN,01,25,02,08,,0,akt0078671,12120700282,ADMIN,2013-05-24 11:01:07.000
161,52375353,ADMIN,01,15,01,01,,905,akt0081469,12121000122,ADMIN,2013-01-12 15:20:46.000
162,52375353,ADMIN,01,15,01,01,,665,akt0081469,12121000121,ADMIN,2013-01-12 15:20:46.000
163,52375353,ADMIN,01,15,01,01,,270,akt0081469,12121000123,ADMIN,2013-01-12 15:20:46.000
164,52375353,ADMIN,01,15,02,08,,0,akt0081469,12121500022,ADMIN,2013-01-12 15:20:46.000
165,52375354,ADMIN,01,15,02,08,,0,akt0081613,12120801286,ADMIN,2013-01-12 15:23:57.000
166,52375355,ADMIN,01,15,01,01,,610,akt0078671,12090700448,ADMIN,2013-01-12 15:29:13.000
167,52375355,ADMIN,01,25,02,08,,0,akt0078671,12090700448,ADMIN,2013-05-24 10:59:58.000
168,52375356,ADMIN,01,15,02,08,,0,akt0076820,12122000192,ADMIN,2013-01-12 15:32:39.000
169,52375357,ADMIN,01,15,02,08,,0,akt0081613,12111400712,ADMIN,2013-01-12 15:34:40.000
170,52375358,ADMIN,01,15,02,08,,0,akt0081613,12111001326,ADMIN,2013-01-12 15:37:04.000
171,52375359,ADMIN,01,15,02,08,,0,akt0080722,12120300218,ADMIN,2013-01-12 16:07:19.000
172,52375360,ADMIN,01,15,02,08,,0,akt0080722,12120300218,ADMIN,2013-01-12 16:07:37.000
173,52375361,ADMIN,01,15,01,01,,9900,akt0079737,12120400501,ADMIN,2013-01-12 16:17:19.000
174,52375361,ADMIN,01,15,01,01,,4950,akt0079737,13010200121,ADMIN,2013-01-12 16:17:19.000
175,52375361,ADMIN,01,15,02,08,,0,akt0079737,12110200376,ADMIN,2013-01-12 16:17:19.000
176,52375362,ADMIN,01,15,02,08,,0,akt0081613,12090600616,ADMIN,2013-01-12 16:19:13.000
177,52375363,ADMIN,01,15,02,08,,0,akt0081993,12120300273,ADMIN,2013-01-12 16:28:05.000
178,52375364,ADMIN,01,15,01,01,,5870,akt0072650,12100900059,ADMIN,2013-01-12 16:23:06.000
179,52375364,ADMIN,01,15,02,08,,0,akt0072650,12101200003,ADMIN,2013-01-12 16:23:06.000
180,52375365,ADMIN,01,15,02,08,,0,akt0081129,12122700047,ADMIN,2013-01-15 19:22:35.000
181,52375366,ADMIN,01,25,02,08,,0,akt0079737,12083000073,ADMIN,2013-05-27 00:00:00.000
182,52375367,ADMIN,01,15,02,08,,0,akt0074825,11112200917,ADMIN,2013-01-12 16:30:54.000
183,52375368,ADMIN,01,15,01,01,,5170,akt0059660,12121100191,ADMIN,2013-01-12 16:37:19.000
184,52375368,ADMIN,01,15,02,08,,0,akt0045030,12121400053,ADMIN,2013-01-12 16:37:19.000
185,52375369,ADMIN,01,15,02,08,,0,akt0080208,12122700006,ADMIN,2013-01-12 16:40:46.000
186,52375370,ADMIN,01,15,01,01,,385,akt0082028,12120500019,ADMIN,2013-01-12 16:46:41.000
187,52375370,ADMIN,01,25,02,08,,0,akt0082028,12120500019,ADMIN,2013-05-24 11:02:20.000
188,52375371,ADMIN,01,15,02,08,,0,akt0081613,12120500171,ADMIN,2013-01-12 16:51:19.000
189,52375372,ADMIN,01,15,01,01,,2836,akt0081689,12121900021,ADMIN,2013-01-12 16:53:50.000
190,52375372,ADMIN,01,15,02,08,,0,akt0081689,12121900023,ADMIN,2013-01-12 16:53:50.000
191,52375373,ADMIN,01,15,02,08,,0,akt0074616,12081000138,ADMIN,2013-01-12 16:55:28.000
192,52375374,ADMIN,01,15,01,01,,2274,akt0080468,12121000602,ADMIN,2013-01-15 11:33:34.000
193,52375374,ADMIN,01,15,02,08,,0,akt0080468,12121000690,ADMIN,2013-01-15 11:33:34.000
194,52375375,ADMIN,01,15,02,08,,0,akt0081648,12121200003,ADMIN,2013-01-15 12:27:29.000
195,52375376,ADMIN,01,15,02,08,,0,akt0067040,12081000010,ADMIN,2013-01-15 12:30:31.000
196,52375377,ADMIN,01,15,02,08,,0,akt0076073,12121200066,ADMIN,2013-01-16 14:40:00.000
197,52375378,ADMIN,01,15,02,08,,0,akt0079239,12121400064,ADMIN,2013-01-16 14:43:44.000
198,52375379,ADMIN,01,15,02,08,,0,akt0081613,12100601372,ADMIN,2013-01-16 14:45:28.000
199,52375380,ADMIN,01,15,02,08,,0,akt0080895,13010600006,ADMIN,2013-01-16 14:47:02.000
200,52375381,ADMIN,01,15,02,08,,0,akt0078920,12121800001,ADMIN,2013-01-16 14:49:27.000
201,52375382,ADMIN,01,15,01,01,,7320,akt0080307,12070400007,ADMIN,2013-01-16 14:55:26.000
202,52375382,ADMIN,01,15,01,01,,320,akt0080307,12070600001,ADMIN,2013-01-16 14:55:26.000
203,52375382,ADMIN,01,25,02,08,,0,akt0080307,12070400007,ADMIN,2013-05-24 11:03:47.000
204,52375383,ADMIN,01,15,02,08,,0,akt0079737,12090601292,ADMIN,2013-01-16 15:00:07.000
205,52375384,ADMIN,01,11,02,08,,0,akt0059880,09032700002,ADMIN,2013-01-16 15:02:18.000
206,52375385,ADMIN,01,13,02,08,,0,akt0064350,12102400065,ADMIN,2013-01-31 15:38:00.000
207,52375386,ADMIN,01,15,02,08,,0,akt0074351,12121800013,ADMIN,2013-01-16 15:07:12.000
208,52375387,ADMIN,01,15,02,08,,0,akt0074616,12102600016,ADMIN,2013-01-16 15:10:08.000
209,52375388,ADMIN,01,15,02,08,,0,akt0078671,12102902110,ADMIN,2013-01-16 15:13:56.000
210,52375389,ADMIN,01,15,02,08,,0,akt0078707,12121700049,ADMIN,2013-01-16 15:17:33.000
211,52375390,ADMIN,01,25,02,08,,0,akt0081613,12082700761,ADMIN,2013-05-27 00:00:00.000
212,52375391,ADMIN,01,15,02,08,,0,akt0079737,13010200165,ADMIN,2013-01-16 15:31:09.000
213,52375392,ADMIN,01,15,02,08,,0,akt0080275,12121800038,ADMIN,2013-01-16 15:33:20.000
214,52375393,ADMIN,01,15,02,08,,0,akt0076461,12112800274,ADMIN,2013-01-16 15:36:19.000
215,52375394,ADMIN,01,15,02,08,,0,akt0081363,12072000012,ADMIN,2013-01-16 15:44:55.000
216,52375395,ADMIN,01,15,01,01,,50,akt0081363,12071700229,ADMIN,2013-01-16 15:47:21.000
217,52375395,ADMIN,01,19,02,08,,0,akt0081363,12071700229,ADMIN,2013-01-16 15:47:21.000
218,52375396,ADMIN,01,15,02,08,,0,akt0081613,12121400687,ADMIN,2013-01-16 15:51:34.000
219,52375397,ADMIN,01,15,01,01,,10500,akt0035800,12120700003,ADMIN,2013-01-16 15:59:01.000
220,52375397,ADMIN,01,15,02,08,,0,akt0035800,12120700004,ADMIN,2013-01-16 15:59:01.000
221,52375398,ADMIN,01,15,01,01,,11000,akt0078208,12121500007,ADMIN,2013-01-16 16:02:26.000
222,52375398,ADMIN,01,15,02,08,,0,akt0078208,12122100074,ADMIN,2013-01-16 16:02:26.000
223,52375399,ADMIN,01,14,02,08,,0,,,ADMIN,2013-02-04 10:07:19.000
224,52375400,ADMIN,01,15,02,08,,0,akt0081613,12112700668,ADMIN,2013-01-16 16:06:12.000
225,52375401,ADMIN,01,15,02,08,,0,akt0081758,12082700008,ADMIN,2013-01-16 16:08:40.000
226,52375402,ADMIN,01,15,02,08,,0,akt0079189,12070400005,ADMIN,2013-01-16 16:11:58.000
227,52375403,ADMIN,01,15,02,08,,0,akt0078671,12102701008,ADMIN,2013-05-24 10:46:55.000
228,52375404,ADMIN,01,13,02,08,,0,akt0076461,12120100209,ADMIN,2013-02-04 14:54:27.000
229,52375405,ADMIN,01,15,02,08,,0,akt0080028,12122700162,ADMIN,2013-01-16 16:19:43.000
230,52375406,ADMIN,01,15,02,08,,0,akt0081613,12112900073,ADMIN,2013-01-16 16:23:18.000
231,52375407,ADMIN,01,15,02,08,,0,akt0080974,12121700012,ADMIN,2013-05-24 10:55:48.000
232,52375408,ADMIN,01,15,02,08,,0,akt0081613,12101902789,ADMIN,2013-01-16 16:38:20.000
233,52375409,ADMIN,01,15,02,08,,0,akt0081660,12120100003,ADMIN,2013-01-16 16:41:09.000
234,52375410,ADMIN,01,15,02,08,,0,akt0080468,12071600412,ADMIN,2013-01-16 16:43:11.000
235,52375411,ADMIN,01,15,02,08,,0,akt0075000,12121800005,ADMIN,2013-01-16 16:46:52.000
236,52375412,ADMIN,01,13,02,08,,0,akt0080760,12121700142,ADMIN,2013-01-23 13:53:19.000
237,52375413,ADMIN,01,15,02,08,,0,akt0082289,12111700118,ADMIN,2013-01-16 17:07:01.000
238,52375414,ADMIN,01,15,02,08,,0,akt0081613,12122302643,ADMIN,2013-01-16 17:09:31.000
239,52375415,ADMIN,01,15,02,08,,0,akt0081767,12103100142,ADMIN,2013-01-16 17:12:32.000
240,52375416,ADMIN,01,15,01,01,,5540,akt0081613,12101800823,ADMIN,2013-01-16 17:16:42.000
241,52375416,ADMIN,01,15,02,08,,0,akt0081613,12111800772,ADMIN,2013-01-16 17:16:42.000
242,52375417,ADMIN,01,15,01,01,,5540,akt0081613,12111300946,ADMIN,2013-01-16 17:19:22.000
243,52375417,ADMIN,01,15,02,08,,0,akt0081613,12101301109,ADMIN,2013-01-16 17:19:22.000
244,52375418,ADMIN,01,15,02,08,,0,akt0079737,12112600611,ADMIN,2013-01-16 17:23:09.000
245,52375419,ADMIN,01,15,02,08,,0,akt0081626,12122800017,ADMIN,2013-01-16 17:32:47.000
246,52375420,ADMIN,08,11,02,08,,0,akt0074962,11100300027,ADMIN,2013-01-16 17:35:52.000
247,52375421,ADMIN,01,15,02,08,,0,akt0079737,12121300100,ADMIN,2013-01-16 17:37:53.000
248,52375422,ADMIN,01,13,02,08,,0,akt0078671,12111900082,ADMIN,2013-02-13 15:36:56.000
249,52375423,ADMIN,01,15,01,01,,3072,akt0055260,12091400154,ADMIN,2013-01-17 10:55:57.000
250,52375423,ADMIN,01,15,02,08,,0,akt0055260,12121200793,ADMIN,2013-01-17 10:55:57.000
251,52375424,ADMIN,01,15,01,01,,30,akt0082151,12121500002,ADMIN,2013-01-17 11:08:49.000
252,52375424,ADMIN,01,19,02,08,,0,akt0082151,12121500002,ADMIN,2013-01-17 11:08:49.000
253,52375425,ADMIN,01,25,02,08,,0,,,ADMIN,2013-05-27 00:00:00.000
254,52375426,ADMIN,01,11,01,01,,11890,akt0074962,11111500024,ADMIN,2013-01-17 11:19:03.000
255,52375426,ADMIN,01,11,02,08,,0,akt0078671,11110500072,ADMIN,2013-01-17 11:19:03.000
256,52375427,ADMIN,01,15,02,08,,0,akt0056350,12122500005,ADMIN,2013-01-17 11:26:14.000
257,52375428,ADMIN,01,15,02,08,,0,akt0081613,12082801340,ADMIN,2013-01-17 11:28:55.000
258,52375429,ADMIN,01,15,02,08,,0,akt0082539,13010400035,ADMIN,2013-01-17 11:30:31.000
259,52375430,ADMIN,01,15,01,01,,25780,akt0080153,12113000023,ADMIN,2013-01-17 11:36:01.000
260,52375430,ADMIN,01,15,02,08,,0,akt0082406,12121400037,ADMIN,2013-01-17 11:36:01.000
261,52375431,ADMIN,01,15,02,08,,0,akt0081613,12120400452,ADMIN,2013-01-17 11:41:38.000
262,52375432,ADMIN,01,15,02,08,,0,akt0027280,12122000061,ADMIN,2013-01-17 11:46:52.000
263,52375433,ADMIN,01,15,02,08,,0,akt0080792,12073000178,ADMIN,2013-01-17 11:49:22.000
264,52375434,ADMIN,01,15,02,08,,0,akt0055260,12112200692,ADMIN,2013-01-17 11:53:25.000
265,52375435,ADMIN,01,15,01,01,,147,akt0076562,12081900014,ADMIN,2013-01-17 12:01:24.000
266,52375435,ADMIN,01,19,02,08,,0,akt0076562,12081900014,ADMIN,2013-01-17 12:01:24.000
267,52375436,ADMIN,01,15,02,08,,0,akt0081613,12111901923,ADMIN,2013-01-17 12:04:44.000
268,52375437,ADMIN,01,15,01,01,,35,akt0075618,12090500001,ADMIN,2013-01-17 12:10:16.000
269,52375437,ADMIN,01,19,02,08,,0,akt0075618,12090500001,ADMIN,2013-01-17 12:10:16.000
270,52375438,ADMIN,01,15,02,08,,0,akt0074965,12030200220,ADMIN,2013-01-17 12:12:29.000
271,52375439,ADMIN,01,15,02,08,,0,akt0079908,12122600012,ADMIN,2013-01-16 16:35:40.000
272,52375440,ADMIN,01,15,02,08,,0,akt0082237,12120300020,ADMIN,2013-01-17 10:38:23.000
273,52375441,ADMIN,01,15,02,08,,0,akt0055260,12052900066,ADMIN,2013-01-17 10:41:16.000
274,52375442,ADMIN,01,15,02,08,,0,akt0081613,12123000548,ADMIN,2013-01-17 10:43:35.000
275,52375443,ADMIN,01,15,02,08,,0,akt0076326,13010700077,ADMIN,2013-01-17 10:45:27.000
276,52375444,ADMIN,01,15,02,08,,0,akt0076477,12072400001,ADMIN,2013-01-17 10:57:05.000
277,52375445,ADMIN,01,15,02,08,,0,akt0081497,12122300008,ADMIN,2013-01-17 11:05:46.000
278,52375446,ADMIN,01,15,02,08,,0,akt0079737,12070100168,ADMIN,2013-01-17 11:11:32.000
279,52375447,ADMIN,01,16,02,08,,0,akt0082008,12082700207,ADMIN,2013-01-21 16:40:35.000
280,52375448,ADMIN,01,15,02,08,,0,akt0081716,12120600010,ADMIN,2013-01-17 11:39:35.000
281,52375449,ADMIN,01,15,02,08,,0,akt0081613,12082303128,ADMIN,2013-01-17 11:43:01.000
282,52375450,ADMIN,01,15,02,08,,0,akt0077117,12121300017,ADMIN,2013-01-28 10:33:40.000
283,52375451,ADMIN,01,15,02,08,,0,akt0050050,13010400345,ADMIN,2013-01-17 12:10:48.000
284,52375452,ADMIN,01,15,02,08,,0,akt0055260,12111600500,ADMIN,2013-01-17 12:12:26.000
285,52375453,ADMIN,01,15,01,01,,570,akt0080468,12083000415,ADMIN,2013-01-17 12:45:23.000
286,52375453,ADMIN,01,25,02,08,,0,akt0080468,12083000415,ADMIN,2013-05-24 14:04:46.000
287,52375454,ADMIN,01,15,01,01,,1,akt0080274,12070800051,ADMIN,2013-01-18 10:38:32.000
288,52375454,ADMIN,01,19,02,08,,0,akt0080274,12070800051,ADMIN,2013-01-18 10:38:32.000
289,52375455,ADMIN,01,15,02,08,,0,akt0079737,12022700375,ADMIN,2013-01-18 10:40:25.000
290,52375456,ADMIN,01,15,02,08,,0,akt0081613,12091200816,ADMIN,2013-01-18 10:49:40.000
291,52375457,ADMIN,01,15,02,08,,0,akt0074715,12072400013,ADMIN,2013-01-18 11:02:02.000
292,52375458,ADMIN,01,15,01,01,,9505,akt0019700,12122100006,ADMIN,2013-01-17 17:51:43.000
293,52375458,ADMIN,01,15,02,08,,0,akt0019700,12122100005,ADMIN,2013-01-17 17:51:43.000
294,52375459,ADMIN,01,15,02,08,,0,akt0074414,12122800001,ADMIN,2013-01-17 17:56:23.000
295,52375460,ADMIN,01,15,02,08,,0,akt0080854,12121700016,ADMIN,2013-05-24 14:08:30.000
296,52375461,ADMIN,01,15,02,08,,0,akt0078208,12120700005,ADMIN,2013-01-18 11:35:07.000
297,52375462,ADMIN,01,15,02,08,,0,akt0081613,12122304367,ADMIN,2013-01-18 11:37:00.000
298,52375463,ADMIN,01,15,02,08,,0,akt0075467,13010900074,ADMIN,2013-01-18 11:38:40.000
299,52375464,ADMIN,01,15,02,08,,0,akt0079737,13010100064,ADMIN,2013-01-18 11:41:34.000
300,52375465,ADMIN,01,15,02,08,,0,akt0055260,12121801202,ADMIN,2013-01-18 11:43:45.000
301,52375466,ADMIN,01,15,01,01,,450,akt0080760,12121200048,ADMIN,2013-01-22 18:04:55.000
302,52375466,ADMIN,01,25,02,08,,0,akt0080760,12121200048,ADMIN,2013-05-24 14:10:36.000
303,52375467,ADMIN,01,15,01,01,,238,akt0073190,12121300003,ADMIN,2013-01-22 18:12:45.000
304,52375467,ADMIN,01,25,02,08,,0,akt0073190,12121300003,ADMIN,2013-05-24 14:12:15.000
305,52375468,ADMIN,01,15,02,08,,0,akt0018940,12122900005,ADMIN,2013-01-18 11:57:11.000
306,52375469,ADMIN,01,15,02,08,,0,akt0076820,12121300140,ADMIN,2013-01-18 12:06:54.000
307,52375470,ADMIN,01,15,02,08,,0,akt0078671,12120302900,ADMIN,2013-01-18 12:08:35.000
308,52375471,ADMIN,01,15,01,01,,5540,akt0081613,12111401102,ADMIN,2013-01-18 12:11:27.000
309,52375471,ADMIN,01,15,02,08,,0,akt0081613,12121401160,ADMIN,2013-01-18 12:11:27.000
310,52375472,ADMIN,01,15,02,08,,0,akt0081697,12060400102,ADMIN,2013-01-18 12:13:40.000
311,52375473,ADMIN,01,15,02,08,,0,akt0081613,12111000297,ADMIN,2013-01-18 12:15:27.000
312,52375474,ADMIN,01,15,01,01,,530,akt0078671,12091200267,ADMIN,2013-01-18 12:19:19.000
313,52375474,ADMIN,01,13,02,08,,0,akt0078671,12091200267,ADMIN,2013-01-31 15:37:59.000
314,52375475,ADMIN,01,25,02,08,,0,,,ADMIN,2013-05-27 00:00:00.000
315,52375476,ADMIN,01,13,02,08,,0,akt0081002,12042000018,ADMIN,2013-03-14 14:20:02.000
316,52375477,ADMIN,01,13,02,08,,0,akt0081613,12082301911,ADMIN,2013-02-19 10:53:00.000
317,52375478,ADMIN,01,15,02,08,,0,akt0081613,12120900078,ADMIN,2013-01-18 12:43:48.000
318,52375479,ADMIN,01,15,02,08,,0,akt0081613,13010400061,ADMIN,2013-01-19 11:38:37.000
319,52375480,ADMIN,01,15,02,08,,0,akt0078671,12102401114,ADMIN,2013-01-19 11:40:05.000
320,52375481,ADMIN,01,13,02,08,,0,akt0082406,12121000186,ADMIN,2013-01-25 15:22:36.000
321,52375482,ADMIN,01,15,02,08,,0,akt0080161,12121100247,ADMIN,2013-01-19 11:53:37.000
322,52375483,ADMIN,01,15,02,08,,0,akt0077772,12121800006,ADMIN,2013-05-24 14:14:35.000
323,52375484,ADMIN,01,15,02,08,,0,akt0081613,13010201137,ADMIN,2013-01-19 13:28:30.000
324,52375485,ADMIN,01,15,02,08,,0,akt0081613,12120800993,ADMIN,2013-01-19 13:31:36.000
325,52375486,ADMIN,01,15,02,08,,0,akt0080208,12122800003,ADMIN,2013-01-19 13:33:22.000
326,52375487,ADMIN,01,15,02,08,,0,akt0072090,13010700001,ADMIN,2013-01-19 13:35:11.000
327,52375488,ADMIN,01,13,02,08,,0,akt0069840,12121700031,ADMIN,2013-02-08 14:42:37.000
328,52375489,ADMIN,01,15,01,01,,15,akt0080534,12091800027,ADMIN,2013-01-19 13:43:56.000
329,52375489,ADMIN,01,19,02,08,,0,akt0080534,12091800027,ADMIN,2013-01-19 13:43:56.000
330,52375490,ADMIN,01,15,01,01,,210,akt0079737,12120500714,ADMIN,2013-01-19 13:46:29.000
331,52375490,ADMIN,01,19,02,08,,0,akt0079737,12120500714,ADMIN,2013-01-19 13:46:29.000
332,52375491,ADMIN,01,15,02,08,,0,akt0075584,12122700008,ADMIN,2013-01-28 12:00:12.000
333,52375492,ADMIN,01,15,02,08,,0,akt0079770,12122600015,ADMIN,2013-01-19 13:53:17.000
334,52375493,ADMIN,01,11,02,08,,0,akt0048290,09052100003,ADMIN,2013-01-19 13:54:48.000
335,52375494,ADMIN,01,15,02,08,,0,akt0081613,12091802361,ADMIN,2013-01-19 14:23:18.000
336,52375495,ADMIN,08,11,02,08,,0,akt0080792,11102400417,ADMIN,2013-01-19 14:20:12.000
337,52375496,ADMIN,01,15,02,08,,0,akt0081613,12081001383,ADMIN,2013-01-19 14:26:31.000
338,52375497,ADMIN,01,15,02,08,,0,akt0080453,12121400038,ADMIN,2013-01-19 14:28:23.000
339,52375498,ADMIN,01,15,02,08,,0,akt0064830,12091000007,ADMIN,2013-01-19 14:31:09.000
340,52375499,ADMIN,01,15,02,08,,0,akt0081790,12090500015,ADMIN,2013-01-19 14:31:27.000
341,52375500,ADMIN,01,15,02,08,,0,akt0082141,12120400143,ADMIN,2013-01-19 14:35:01.000
342,52375501,ADMIN,01,15,02,08,,0,akt0080453,12070200113,ADMIN,2013-01-19 14:37:00.000
343,52375502,ADMIN,01,16,02,08,,0,akt0079728,12121300015,ADMIN,2013-01-21 12:40:48.000
344,52375503,ADMIN,01,15,02,08,,0,akt0081143,12121300328,ADMIN,2013-05-24 14:15:53.000
345,52375504,ADMIN,01,15,01,01,,400,akt0018820,12122000007,ADMIN,2013-02-04 17:26:49.000
346,52375504,ADMIN,01,13,02,08,,0,akt0018820,12122000007,ADMIN,2013-02-13 15:36:58.000
347,52375505,ADMIN,01,13,02,08,,0,akt0018820,12122000007,ADMIN,2013-02-13 15:36:58.000
348,52375506,ADMIN,01,15,01,01,,5540,akt0081613,12101601296,ADMIN,2013-01-19 14:54:55.000
349,52375506,ADMIN,01,15,02,08,,0,akt0081613,12111600686,ADMIN,2013-01-19 14:54:55.000
350,52375507,ADMIN,01,14,02,08,,0,,,ADMIN,2013-02-15 10:50:50.000
351,52375508,ADMIN,01,15,02,08,,0,akt0057120,12070900006,ADMIN,2013-01-19 14:59:22.000
352,52375509,ADMIN,01,15,02,08,,0,akt0081490,12061100058,ADMIN,2013-01-19 14:59:34.000
353,52375510,ADMIN,01,15,01,01,,100,akt0081613,12082400327,ADMIN,2013-01-19 15:03:35.000
354,52375510,ADMIN,01,19,02,08,,0,akt0081613,12082400327,ADMIN,2013-01-19 15:03:35.000
355,52375511,ADMIN,01,15,02,08,,0,akt0075847,12041900001,ADMIN,2013-01-19 15:06:44.000
356,52375512,ADMIN,01,15,02,08,,0,akt0082129,12122000075,ADMIN,2013-05-24 14:18:12.000
357,52375513,ADMIN,01,15,02,08,,0,akt0081613,12101400506,ADMIN,2013-02-06 10:49:13.000
358,52375514,ADMIN,01,15,02,08,,0,akt0036170,12092000002,ADMIN,2013-01-19 15:52:21.000
359,52375515,ADMIN,01,15,01,01,,1240,akt0059660,12120800042,ADMIN,2013-01-16 14:24:46.000
360,52375515,ADMIN,01,15,02,08,,0,akt0059660,12120800044,ADMIN,2013-01-16 14:24:46.000
361,52375516,ADMIN,01,15,01,01,,10,akt0079737,12080100967,ADMIN,2013-01-21 16:20:09.000
362,52375516,ADMIN,01,19,02,08,,0,akt0079737,12080100967,ADMIN,2013-01-21 16:20:09.000
363,52375517,ADMIN,01,15,02,08,,0,akt0074389,12081900001,ADMIN,2013-01-19 15:57:51.000
364,52375518,ADMIN,01,15,02,08,,0,akt0081229,12110900036,ADMIN,2013-01-19 16:01:11.000
365,52375519,ADMIN,01,15,02,08,,0,akt0078790,12092400268,ADMIN,2013-01-21 16:43:40.000
366,52375520,ADMIN,01,15,01,01,,90,akt0078671,12110900204,ADMIN,2013-01-19 16:07:59.000
367,52375520,ADMIN,01,19,02,08,,0,akt0078671,12110900204,ADMIN,2013-01-19 16:07:59.000
368,52375521,ADMIN,01,15,02,08,,0,akt0079737,12062300451,ADMIN,2013-01-19 16:09:20.000
369,52375522,ADMIN,01,15,01,01,,4790,akt0080468,12121400813,ADMIN,2013-01-19 16:13:52.000
370,52375522,ADMIN,01,15,02,08,,0,akt0080468,12121700458,ADMIN,2013-01-19 16:13:52.000
371,52375523,ADMIN,01,15,02,08,,0,akt0078365,12080200116,ADMIN,2013-01-19 17:12:04.000
372,52375524,ADMIN,01,15,01,01,,45,akt0080468,12120800208,ADMIN,2013-01-17 17:55:47.000
373,52375524,ADMIN,01,19,02,08,,0,akt0080468,12120800208,ADMIN,2013-01-17 17:55:47.000
374,52375525,ADMIN,01,15,02,08,,0,akt0081613,13010100228,ADMIN,2013-01-19 17:14:21.000
375,52375526,ADMIN,01,15,02,08,,0,akt0081613,12103100160,ADMIN,2013-01-19 17:17:01.000
376,52375527,ADMIN,01,15,01,01,,3686,akt0080274,12110700291,ADMIN,2013-01-19 17:19:18.000
377,52375527,ADMIN,01,15,02,08,,0,akt0080275,12121600088,ADMIN,2013-01-19 17:19:18.000
378,52375528,ADMIN,01,15,02,08,,0,akt0080822,12061100023,ADMIN,2013-01-19 17:21:33.000
379,52375529,ADMIN,01,15,02,08,,0,akt0081360,12061200074,ADMIN,2013-01-19 17:22:08.000
380,52375530,ADMIN,01,15,02,08,,0,akt0080161,12102300268,ADMIN,2013-01-21 13:50:57.000
381,52375531,ADMIN,01,15,02,08,,0,akt0081613,12121301304,ADMIN,2013-01-21 13:52:46.000
382,52375532,ADMIN,01,11,02,08,,0,akt0045500,10121000002,ADMIN,2013-01-21 13:54:13.000
383,52375533,ADMIN,01,11,02,08,,0,akt0077025,10120800001,ADMIN,2013-01-21 13:55:21.000
384,52375534,ADMIN,01,11,02,08,,0,akt0047330,10120800001,ADMIN,2013-01-21 13:56:26.000
385,52375535,ADMIN,01,15,02,08,,0,akt0079737,12121200424,ADMIN,2013-01-18 16:04:53.000
386,52375536,ADMIN,01,15,02,08,,0,akt0054970,12042500006,ADMIN,2013-01-21 13:59:05.000
387,52375537,ADMIN,01,25,02,08,,0,akt0080468,12122100387,ADMIN,2013-05-27 00:00:00.000
388,52375538,ADMIN,01,15,02,08,,0,akt0081613,13010501685,ADMIN,2013-01-21 14:38:20.000
389,52375539,ADMIN,01,13,02,08,,0,akt0023620,12083000001,ADMIN,2013-02-07 14:25:02.000
390,52375540,ADMIN,01,15,01,01,,15200,akt0078373,12102400005,ADMIN,2013-01-21 14:45:11.000
391,52375540,ADMIN,01,15,02,08,,0,akt0078373,12102400070,ADMIN,2013-01-21 14:45:11.000
392,52375541,ADMIN,01,15,01,01,,5980,akt0081613,12111900085,ADMIN,2013-01-21 14:49:22.000
393,52375541,ADMIN,01,15,02,08,,0,akt0081613,12121900080,ADMIN,2013-01-21 14:49:22.000
394,52375542,ADMIN,01,15,02,08,,0,akt0077445,12092000006,ADMIN,2013-01-21 14:50:50.000
395,52375543,ADMIN,01,15,02,08,,0,akt0017870,13011000001,ADMIN,2013-01-21 14:54:22.000
396,52375544,ADMIN,01,15,02,08,,0,akt0081613,12121901913,ADMIN,2013-01-21 14:56:27.000
397,52375545,ADMIN,01,15,02,08,,0,akt0049270,11120500002,ADMIN,2013-01-21 14:58:39.000
398,52375546,ADMIN,01,15,02,08,,0,akt0076463,12120500017,ADMIN,2013-05-24 14:21:05.000
399,52375547,ADMIN,08,11,02,08,,0,akt0054090,11101700033,ADMIN,2013-01-21 15:07:59.000
400,52375548,ADMIN,01,15,02,08,,0,akt0075467,12121000053,ADMIN,2013-01-21 15:12:56.000
401,52375549,ADMIN,01,15,02,08,,0,akt0080468,12102200088,ADMIN,2013-01-21 15:18:19.000
402,52375550,ADMIN,01,15,02,08,,0,akt0045030,12122300052,ADMIN,2013-01-22 10:12:05.000
403,52375551,ADMIN,01,15,02,08,,0,akt0081613,13010102910,ADMIN,2013-01-22 10:14:41.000
404,52375552,ADMIN,01,13,02,08,,0,akt0078671,12110100647,ADMIN,2013-01-28 16:42:21.000
405,52375553,ADMIN,01,13,02,08,,0,akt0074825,12122300746,ADMIN,2013-02-01 15:20:19.000
406,52375554,ADMIN,01,15,01,01,,18,akt0018970,12091700001,ADMIN,2013-01-22 10:26:49.000
407,52375554,ADMIN,01,19,02,08,,0,akt0018970,12091700001,ADMIN,2013-01-22 10:26:49.000
408,52375555,ADMIN,01,15,02,08,,0,akt0082210,12121300001,ADMIN,2013-01-22 10:31:11.000
409,52375556,ADMIN,01,11,02,08,,0,akt0078844,11060300003,ADMIN,2013-01-22 10:33:07.000
410,52375557,ADMIN,01,15,01,01,,201,akt0074530,12052800003,ADMIN,2013-01-22 10:36:56.000
411,52375557,ADMIN,01,19,02,08,,0,akt0074530,12052800003,ADMIN,2013-01-22 10:36:56.000
412,52375558,ADMIN,01,15,02,08,,0,akt0081613,12121101413,ADMIN,2013-01-22 10:39:58.000
413,52375559,ADMIN,01,15,02,08,,0,akt0018940,12121400064,ADMIN,2013-01-22 10:42:07.000
414,52375560,ADMIN,01,15,02,08,,0,akt0071150,13010700003,ADMIN,2013-01-18 13:41:18.000
415,52375561,ADMIN,01,15,01,01,,3225,akt0055260,12110700146,ADMIN,2013-01-22 10:44:32.000
416,52375561,ADMIN,01,15,02,08,,0,akt0055260,12120600310,ADMIN,2013-01-22 10:44:32.000
417,52375562,ADMIN,01,15,02,08,,0,akt0081279,12113000040,ADMIN,2013-01-22 10:46:10.000
418,52375563,ADMIN,01,15,02,08,,0,akt0080162,12050700037,ADMIN,2013-01-22 10:49:10.000
419,52375564,ADMIN,01,15,02,08,,0,akt0078671,12100100902,ADMIN,2013-01-22 10:51:45.000
420,52375565,ADMIN,01,15,01,01,,9360,akt0078790,12061900106,ADMIN,2013-01-22 11:01:11.000
421,52375565,ADMIN,01,15,02,08,,0,akt0078790,12061800287,ADMIN,2013-01-22 11:01:11.000
422,52375566,ADMIN,01,15,02,08,,0,akt0077796,12121400021,ADMIN,2013-02-04 13:53:04.000
423,52375567,ADMIN,01,13,02,08,,0,,,ADMIN,2013-01-28 16:42:23.000
424,52375568,ADMIN,01,15,02,08,,0,akt0081229,12121100036,ADMIN,2013-01-22 11:19:00.000
425,52375569,ADMIN,01,15,02,08,,0,akt0081229,13011100018,ADMIN,2013-01-22 11:19:17.000
426,52375570,ADMIN,01,15,01,01,,20,akt0027280,12121000763,ADMIN,2013-01-24 12:03:40.000
427,52375570,ADMIN,01,19,02,08,,0,akt0027280,12121000763,ADMIN,2013-01-24 12:03:40.000
428,52375571,ADMIN,01,15,01,01,,4379,akt0005930,12080600004,ADMIN,2013-01-22 11:21:33.000
429,52375571,ADMIN,01,15,02,08,,0,akt0074539,12073000001,ADMIN,2013-01-22 11:21:33.000
430,52375572,ADMIN,01,15,02,08,,0,akt0079427,13011600005,ADMIN,2013-01-22 11:24:53.000
431,52375573,ADMIN,01,15,02,08,,0,akt0050690,13010300001,ADMIN,2013-01-28 12:21:22.000
432,52375574,ADMIN,01,15,02,08,,0,akt0081613,13010300712,ADMIN,2013-02-07 11:11:37.000
433,52375575,ADMIN,01,15,02,08,,0,akt0057510,12051800012,ADMIN,2013-01-22 12:48:07.000
434,52375576,ADMIN,01,15,02,08,,0,akt0081613,12120300656,ADMIN,2013-01-22 12:39:09.000
435,52375577,ADMIN,08,11,02,08,,0,akt0024700,11112100001,ADMIN,2013-01-22 12:50:09.000
436,52375578,ADMIN,01,15,02,08,,0,akt0081613,12112700827,ADMIN,2013-01-22 12:51:47.000
437,52375579,ADMIN,01,15,01,01,,24668,akt0080952,12121900005,ADMIN,2013-01-22 16:08:07.000
438,52375579,ADMIN,01,13,02,08,,0,akt0080952,12121900005,ADMIN,2013-01-31 15:37:59.000
439,52375580,ADMIN,01,15,01,01,,2940,akt0081767,12090300248,ADMIN,2013-01-22 13:09:31.000
440,52375580,ADMIN,01,15,02,08,,0,akt0081767,12091400180,ADMIN,2013-01-22 13:09:31.000
441,52375581,ADMIN,01,15,02,08,,0,akt0081229,12092400070,ADMIN,2013-01-22 13:23:37.000
442,52375582,ADMIN,01,11,02,08,,0,akt0079714,11061600004,ADMIN,2013-01-22 13:26:59.000
443,52375583,ADMIN,01,15,01,01,,5540,akt0081613,12111500469,ADMIN,2013-01-22 13:30:16.000
444,52375583,ADMIN,01,15,02,08,,0,akt0081613,12121500073,ADMIN,2013-01-22 13:30:16.000
445,52375584,ADMIN,01,15,02,08,,0,akt0076161,12120900038,ADMIN,2013-05-24 14:22:58.000
446,52375585,ADMIN,01,15,02,08,,0,akt0080895,13011700001,ADMIN,2013-01-22 11:03:22.000
447,52375586,ADMIN,01,15,02,08,,0,akt0069630,12121700002,ADMIN,2013-02-15 13:34:13.000
448,52375587,ADMIN,01,14,02,08,,0,,,ADMIN,2013-01-24 10:24:59.000
449,52375588,ADMIN,01,15,01,01,,27310,akt0079220,12122100002,ADMIN,2013-01-22 11:09:49.000
450,52375588,ADMIN,01,15,02,08,,0,akt0079220,12121600058,ADMIN,2013-01-22 11:09:49.000
451,52375589,ADMIN,01,15,02,08,,0,akt0081613,12123100947,ADMIN,2013-01-22 11:12:07.000
452,52375590,ADMIN,01,15,02,08,,0,akt0078591,12122600009,ADMIN,2013-01-22 11:25:06.000
453,52375591,ADMIN,01,15,02,08,,0,akt0079393,12122600001,ADMIN,2013-02-06 09:53:37.000
454,52375592,ADMIN,01,15,02,08,,0,akt0080468,12122200225,ADMIN,2013-01-22 13:47:12.000
455,52375593,ADMIN,01,15,02,08,,0,akt0027280,12121300103,ADMIN,2013-01-22 13:48:11.000
456,52375594,ADMIN,01,15,02,08,,0,akt0078671,12090300467,ADMIN,2013-01-22 13:50:11.000
457,52375595,ADMIN,01,15,02,08,,0,akt0081613,13011401643,ADMIN,2013-01-22 13:51:41.000
458,52375596,ADMIN,01,15,02,08,,0,akt0075558,12121400001,ADMIN,2013-01-22 13:57:52.000
459,52375597,ADMIN,01,15,01,01,,2835,akt0080274,12122900440,ADMIN,2013-01-22 13:59:50.000
460,52375597,ADMIN,01,15,02,08,,0,akt0080274,12122900217,ADMIN,2013-01-22 13:59:50.000
461,52375598,ADMIN,01,15,02,08,,0,akt0081613,12121800417,ADMIN,2013-01-22 14:01:11.000
462,52375599,ADMIN,01,15,02,08,,0,akt0078630,12022800001,ADMIN,2013-01-22 14:52:20.000
463,52375600,ADMIN,01,15,02,08,,0,akt0080792,12110500273,ADMIN,2013-01-22 15:03:11.000
464,52375601,ADMIN,01,15,02,08,,0,akt0076183,12081800003,ADMIN,2013-01-22 15:01:05.000
465,52375602,ADMIN,01,15,02,08,,0,akt0079183,12090400016,ADMIN,2013-01-22 15:01:43.000
466,52375603,ADMIN,01,15,01,01,,2980,akt0079737,12113000360,ADMIN,2013-01-22 16:03:54.000
467,52375603,ADMIN,01,15,02,08,,0,akt0079737,12110101028,ADMIN,2013-01-22 16:03:54.000
468,52375604,ADMIN,01,15,02,08,,0,akt0079737,12122800078,ADMIN,2013-01-22 16:12:40.000
469,52375605,ADMIN,01,15,01,01,,4858,akt0080179,12113000003,ADMIN,2013-01-21 18:35:13.000
470,52375605,ADMIN,01,15,01,01,,4228,akt0080179,12113000002,ADMIN,2013-01-21 18:35:13.000
471,52375605,ADMIN,01,13,02,08,,0,akt0080179,12113000002,ADMIN,2013-04-22 15:33:56.000
472,52375606,ADMIN,01,25,02,08,,0,akt0071390,12111400001,ADMIN,2013-05-27 00:00:00.000
473,52375607,ADMIN,01,15,02,08,,0,akt0020930,12082700003,ADMIN,2013-01-22 18:22:01.000
474,52375608,ADMIN,01,15,01,01,,55,akt0081557,12112200002,ADMIN,2013-01-22 18:24:09.000
475,52375608,ADMIN,01,19,02,08,,0,akt0081557,12112200002,ADMIN,2013-01-22 18:24:09.000
476,52375609,ADMIN,01,15,01,01,,630,akt0081697,12121700032,ADMIN,2013-01-22 18:27:17.000
477,52375609,ADMIN,01,15,02,08,,0,akt0081697,12121700360,ADMIN,2013-01-22 18:27:17.000
478,52375610,ADMIN,01,15,02,08,,0,akt0079737,12091300478,ADMIN,2013-01-22 18:29:46.000
479,52375611,ADMIN,01,15,02,08,,0,akt0075583,12121300013,ADMIN,2013-01-22 18:31:59.000
480,52375612,ADMIN,01,25,02,08,,0,akt0077394,12121300080,ADMIN,2013-05-27 00:00:00.000
481,52375613,ADMIN,01,15,02,08,,0,akt0081613,12080401259,ADMIN,2013-01-22 18:39:21.000
482,52375614,ADMIN,01,15,02,08,,0,akt0081613,12122900953,ADMIN,2013-01-22 18:42:07.000
483,52375615,ADMIN,01,15,02,08,,0,akt0081689,12112600524,ADMIN,2013-01-25 15:46:04.000
484,52375616,ADMIN,01,15,02,08,,0,akt0081689,12112600524,ADMIN,2013-01-25 15:46:24.000
485,52375617,ADMIN,01,15,02,08,,0,akt0079220,13010400083,ADMIN,2013-02-12 16:11:30.000
486,52375618,ADMIN,01,11,02,08,,0,akt0077450,10062300002,ADMIN,2013-01-26 11:02:54.000
487,52375619,ADMIN,01,15,01,01,,310,akt0078671,12122100108,ADMIN,2013-01-26 11:05:57.000
488,52375619,ADMIN,01,25,02,08,,0,akt0078671,12122100108,ADMIN,2013-05-27 14:52:47.000
489,52375620,ADMIN,01,13,02,08,,0,,,ADMIN,2013-02-08 14:42:37.000
490,52375621,ADMIN,01,25,02,08,,0,akt0081436,12101200009,ADMIN,2013-05-27 00:00:00.000
491,52375622,ADMIN,01,15,02,08,,0,akt0081427,12091500043,ADMIN,2013-01-26 11:41:25.000
492,52375623,ADMIN,01,15,02,08,,0,akt0081612,12060400064,ADMIN,2013-01-26 11:47:41.000
493,52375624,ADMIN,01,15,01,01,,1719,akt0076463,12090300020,ADMIN,2013-01-26 11:50:23.000
494,52375624,ADMIN,01,15,02,08,,0,akt0076463,12090200005,ADMIN,2013-01-26 11:50:23.000
495,52375625,ADMIN,01,15,01,01,,4915,akt0076463,12083100016,ADMIN,2013-01-26 12:05:04.000
496,52375625,ADMIN,01,15,02,08,,0,akt0076463,12091300023,ADMIN,2013-01-26 12:05:04.000
497,52375626,ADMIN,01,15,02,08,,0,akt0075914,12112900006,ADMIN,2013-01-26 12:07:14.000
498,52375627,ADMIN,01,15,02,08,,0,akt0079502,13010900015,ADMIN,2013-01-26 12:09:23.000
499,52375628,ADMIN,01,13,02,08,,0,akt0080722,12091000336,ADMIN,2013-02-01 15:20:18.000
500,52375629,ADMIN,01,15,02,08,,0,akt0082110,13011100015,ADMIN,2013-01-26 13:42:04.000
501,52375630,ADMIN,01,15,01,01,,13180,akt0076271,12122100124,ADMIN,2013-01-26 13:44:19.000
502,52375630,ADMIN,01,15,02,08,,0,akt0076271,12122800042,ADMIN,2013-01-26 13:44:19.000
503,52375631,ADMIN,01,15,02,08,,0,akt0079737,12090601563,ADMIN,2013-01-26 13:46:01.000
504,52375632,ADMIN,01,15,02,08,,0,akt0081613,12122801688,ADMIN,2013-01-26 13:48:20.000
505,52375633,ADMIN,01,15,02,08,,0,akt0076893,12082000010,ADMIN,2013-01-26 13:49:35.000
506,52375634,ADMIN,01,15,01,01,,800,akt0081143,12091100214,ADMIN,2013-01-26 13:53:33.000
507,52375634,ADMIN,01,15,02,08,,0,akt0081143,12092000052,ADMIN,2013-01-26 13:53:33.000
508,52375635,ADMIN,01,15,02,08,,0,akt0025140,12122700001,ADMIN,2013-01-22 15:27:05.000
509,52375636,ADMIN,01,13,02,08,,0,,,ADMIN,2013-02-01 15:20:18.000
510,52375637,ADMIN,01,16,02,08,,0,akt0002050,13011000003,ADMIN,2013-01-22 11:04:00.000
511,52375638,ADMIN,01,15,02,08,,0,akt0080274,13011700015,ADMIN,2013-01-26 14:30:06.000
512,52375639,ADMIN,01,15,02,08,,0,akt0075966,12121200015,ADMIN,2013-05-24 11:12:37.000
513,52375640,ADMIN,01,15,02,08,,0,akt0075124,12111600053,ADMIN,2013-01-23 16:19:49.000
514,52375641,ADMIN,01,16,02,08,,0,akt0077656,12121300005,ADMIN,2013-01-23 14:20:33.000
515,52375642,ADMIN,01,15,01,01,,2247,akt0081697,12091000188,ADMIN,2013-01-25 12:03:52.000
516,52375642,ADMIN,01,15,02,08,,0,akt0081697,12091800248,ADMIN,2013-01-25 12:03:52.000
517,52375643,ADMIN,01,15,02,08,,0,akt0079947,12091100008,ADMIN,2013-01-26 14:38:54.000
518,52375644,ADMIN,01,15,02,08,,0,akt0027280,12051500216,ADMIN,2013-01-26 14:40:42.000
519,52375645,ADMIN,01,15,01,01,,45,akt0081697,12121800041,ADMIN,2013-01-24 15:34:13.000
520,52375645,ADMIN,01,19,02,08,,0,akt0081697,12121800041,ADMIN,2013-01-24 15:34:13.000
521,52375646,ADMIN,01,15,02,08,,0,akt0079737,13011200054,ADMIN,2013-01-26 14:42:43.000
522,52375647,ADMIN,01,13,02,08,,0,,,ADMIN,2013-02-05 15:08:00.000
523,52375648,ADMIN,01,15,01,01,,6670,akt0074951,12061900015,ADMIN,2013-01-26 14:54:56.000
524,52375648,ADMIN,01,15,02,08,,0,akt0074951,12062000011,ADMIN,2013-01-26 14:54:56.000
525,52375649,ADMIN,01,15,01,01,,20,akt0035800,12122400002,ADMIN,2013-01-26 14:57:26.000
526,52375649,ADMIN,01,19,02,08,,0,akt0035800,12122400002,ADMIN,2013-01-26 14:57:26.000
527,52375650,ADMIN,01,15,02,08,,0,akt0075968,12082700001,ADMIN,2013-01-26 15:00:04.000
528,52375651,ADMIN,01,15,01,01,,66,akt0081002,12071700006,ADMIN,2013-01-26 15:10:55.000
529,52375651,ADMIN,01,19,02,08,,0,akt0081002,12071700006,ADMIN,2013-01-26 15:10:55.000
530,52375652,ADMIN,01,11,02,08,,0,akt0078671,11060400008,ADMIN,2013-01-26 15:12:33.000
531,52375653,ADMIN,01,11,02,08,,0,akt0080274,11060100088,ADMIN,2013-01-26 15:16:01.000
532,52375654,ADMIN,01,15,02,08,,0,akt0081613,13011702048,ADMIN,2013-01-26 15:18:45.000
533,52375655,ADMIN,01,15,02,08,,0,akt0082151,12121700001,ADMIN,2013-05-24 11:14:07.000
534,52375656,ADMIN,01,15,02,08,,0,akt0027280,12112700218,ADMIN,2013-01-26 15:25:07.000
535,52375657,ADMIN,01,15,02,08,,0,akt0080792,12021400079,ADMIN,2013-01-26 15:41:13.000
536,52375658,ADMIN,01,13,02,08,,0,akt0081019,12090300001,ADMIN,2013-02-13 15:36:58.000
537,52375659,ADMIN,01,15,02,08,,0,akt0078295,12082800005,ADMIN,2013-01-26 15:45:34.000
538,52375660,ADMIN,01,15,01,01,,100,akt0055260,12111500146,ADMIN,2013-01-26 16:06:00.000
539,52375660,ADMIN,01,19,02,08,,0,akt0055260,12111500146,ADMIN,2013-01-26 16:06:00.000
540,52375661,ADMIN,01,13,02,08,,0,akt0078849,11042800010,ADMIN,2013-02-01 15:20:18.000
541,52375662,ADMIN,01,15,01,01,,15970,akt0080412,12102100012,ADMIN,2013-01-28 09:51:06.000
542,52375662,ADMIN,01,15,02,08,,0,akt0080412,12102300035,ADMIN,2013-01-28 09:51:06.000
543,52375663,ADMIN,01,15,02,08,,0,akt0032510,13010400001,ADMIN,2013-01-28 09:55:15.000
544,52375664,ADMIN,01,15,01,01,,390,akt0080722,12080300062,ADMIN,2013-01-28 09:58:14.000
545,52375664,ADMIN,01,25,02,08,,0,akt0080722,12080300062,ADMIN,2013-05-27 14:56:52.000
546,52375665,ADMIN,01,15,02,08,,0,akt0019700,12121500007,ADMIN,2013-01-25 17:40:28.000
547,52375666,ADMIN,01,15,02,08,,0,akt0078790,12092400268,ADMIN,2013-01-23 16:50:33.000
548,52375667,ADMIN,01,15,02,08,,0,akt0076461,13010800331,ADMIN,2013-01-28 10:10:22.000
549,52375668,ADMIN,01,15,01,01,,5127,akt0078671,13010500676,ADMIN,2013-01-28 10:13:32.000
550,52375668,ADMIN,01,15,01,01,,2527,akt0078671,13010500984,ADMIN,2013-01-28 10:13:32.000
551,52375668,ADMIN,01,15,02,08,,0,akt0078671,13010701299,ADMIN,2013-01-28 10:13:32.000
552,52375669,ADMIN,01,15,02,08,,0,akt0080161,12112900123,ADMIN,2013-02-07 17:09:16.000
553,52375670,ADMIN,01,15,02,08,,0,akt0075342,12112100008,ADMIN,2013-01-28 10:22:15.000
554,52375671,ADMIN,01,15,02,08,,0,akt0081229,13011600044,ADMIN,2013-01-28 10:31:02.000
555,52375672,ADMIN,01,15,02,08,,0,akt0077117,12121300017,ADMIN,2013-01-28 10:34:07.000
556,52375673,ADMIN,01,15,02,08,,0,akt0015830,13010600004,ADMIN,2013-01-28 10:37:16.000
557,52375674,ADMIN,01,25,02,08,,0,akt0081613,12090601310,ADMIN,2013-05-27 00:00:00.000
558,52375675,ADMIN,01,15,02,08,,0,akt0078671,12012600280,ADMIN,2013-01-25 11:42:25.000
559,52375676,ADMIN,01,15,01,01,,11080,akt0081613,12062602772,ADMIN,2013-01-28 10:44:44.000
560,52375676,ADMIN,01,15,01,01,,5540,akt0081613,12081601127,ADMIN,2013-01-28 10:44:44.000
561,52375676,ADMIN,01,15,02,08,,0,akt0081613,12091601108,ADMIN,2013-01-28 10:44:44.000
562,52375677,ADMIN,01,25,02,08,,0,akt0081767,12121300072,ADMIN,2013-05-27 00:00:00.000
563,52375678,ADMIN,01,15,02,08,,0,akt0079737,12051500509,ADMIN,2013-01-28 10:50:30.000
564,52375679,ADMIN,01,15,01,01,,9094,akt0082424,12121200001,ADMIN,2013-01-28 10:53:10.000
565,52375679,ADMIN,01,15,01,01,,5660,akt0082424,12122000001,ADMIN,2013-01-28 10:53:10.000
566,52375679,ADMIN,01,15,02,08,,0,akt0082424,12122600002,ADMIN,2013-01-28 10:53:10.000
567,52375680,ADMIN,01,15,02,08,,0,akt0079737,12090601510,ADMIN,2013-01-28 10:55:29.000
568,52375681,ADMIN,01,15,02,08,,0,akt0081613,12082400934,ADMIN,2013-01-28 10:57:12.000
569,52375682,ADMIN,01,15,01,01,,4375,akt0081363,12100300062,ADMIN,2013-01-28 10:59:28.000
570,52375682,ADMIN,01,15,02,08,,0,akt0081363,12092100070,ADMIN,2013-01-28 10:59:28.000
571,52375683,ADMIN,01,15,02,08,,0,akt0012230,12121000058,ADMIN,2013-02-04 10:28:34.000
572,52375684,ADMIN,01,15,01,01,,13620,akt0081613,12100101844,ADMIN,2013-01-28 11:12:36.000
573,52375684,ADMIN,01,15,01,01,,9080,akt0081613,12110101859,ADMIN,2013-01-28 11:12:36.000
574,52375684,ADMIN,01,15,01,01,,4540,akt0081613,12120101853,ADMIN,2013-01-28 11:12:36.000
575,52375684,ADMIN,01,25,02,08,,0,akt0081613,12100101844,ADMIN,2013-05-27 14:57:47.000
576,52375685,ADMIN,01,15,01,01,,257,akt0078671,12110200783,ADMIN,2013-01-28 11:38:42.000
577,52375685,ADMIN,01,25,02,08,,0,akt0078671,12110200783,ADMIN,2013-05-27 14:58:22.000
578,52375686,ADMIN,01,15,02,08,,0,akt0081613,12100902608,ADMIN,2013-01-28 10:11:08.000
579,52375687,ADMIN,01,15,02,08,,0,akt0081613,12121900061,ADMIN,2013-01-28 10:13:14.000
580,52375688,ADMIN,01,15,02,08,,0,akt0079502,12073000036,ADMIN,2013-01-28 10:18:08.000
581,52375689,ADMIN,01,15,02,08,,0,akt0075237,12121500028,ADMIN,2013-01-28 10:41:38.000
582,52375690,ADMIN,01,15,02,08,,0,akt0078671,12112401459,ADMIN,2013-02-07 11:07:51.000
583,52375691,ADMIN,01,15,02,08,,0,akt0081613,12121602395,ADMIN,2013-01-28 10:37:03.000
584,52375692,ADMIN,01,15,02,08,,0,akt0079737,12122000147,ADMIN,2013-01-28 10:38:24.000
585,52375693,ADMIN,01,15,02,08,,0,akt0080760,13010900007,ADMIN,2013-01-28 10:44:56.000
586,52375694,ADMIN,01,15,01,01,,90,akt0078879,12090700002,ADMIN,2013-01-28 10:49:30.000
587,52375694,ADMIN,01,19,02,08,,0,akt0078879,12090700002,ADMIN,2013-01-28 10:49:30.000
588,52375695,ADMIN,01,15,01,01,,7525,akt0080722,12100100495,ADMIN,2013-01-28 10:51:48.000
589,52375695,ADMIN,01,15,02,08,,0,akt0080722,12092700127,ADMIN,2013-01-28 10:51:48.000
590,52375696,ADMIN,01,15,02,08,,0,akt0081613,12101500929,ADMIN,2013-01-28 10:53:54.000
591,52375697,ADMIN,01,15,01,01,,440,akt0027280,12110500627,ADMIN,2013-01-28 10:56:41.000
592,52375697,ADMIN,01,25,02,08,,0,akt0027280,12110500627,ADMIN,2013-05-24 16:44:29.000
593,52375698,ADMIN,01,15,02,08,,0,akt0076708,13010700010,ADMIN,2013-02-06 10:46:16.000
594,52375699,ADMIN,01,15,01,01,,1500,akt0081867,12121900015,ADMIN,2013-01-29 15:23:09.000
595,52375699,ADMIN,01,25,02,08,,0,akt0081867,12121900015,ADMIN,2013-05-24 16:45:49.000
596,52375700,ADMIN,01,15,02,08,,0,akt0075584,12122700008,ADMIN,2013-01-28 12:00:41.000
597,52375701,ADMIN,01,15,02,08,,0,akt0081613,12102400411,ADMIN,2013-01-28 12:13:16.000
598,52375702,ADMIN,01,15,02,08,,0,akt0079737,12112200078,ADMIN,2013-02-25 10:47:24.000
599,52375703,ADMIN,01,15,02,08,,0,akt0050690,13010300001,ADMIN,2013-01-28 12:22:27.000
600,52375704,ADMIN,01,15,02,08,,0,akt0081613,12121400627,ADMIN,2013-01-28 12:24:24.000
601,52375705,ADMIN,01,15,02,08,,0,akt0081908,12102200021,ADMIN,2013-01-28 12:25:47.000
602,52375706,ADMIN,01,15,01,01,,5540,akt0081613,12091900807,ADMIN,2013-01-28 12:32:18.000
603,52375706,ADMIN,01,15,02,08,,0,akt0081613,12121900728,ADMIN,2013-01-28 12:32:18.000
604,52375707,ADMIN,01,15,01,01,,300,akt0075871,12091200008,ADMIN,2013-01-28 12:35:10.000
605,52375707,ADMIN,01,25,02,08,,0,akt0075871,12091200008,ADMIN,2013-05-24 16:47:05.000
606,52375708,ADMIN,01,15,02,08,,0,akt0078671,12112601030,ADMIN,2013-01-28 12:41:07.000
607,52375709,ADMIN,01,16,02,08,,0,akt0077656,12121300005,ADMIN,2013-01-28 16:26:18.000
608,52375710,ADMIN,01,15,01,01,,20,akt0075467,12071000173,ADMIN,2013-01-28 13:53:39.000
609,52375710,ADMIN,01,19,02,08,,0,akt0075467,12071000173,ADMIN,2013-01-28 13:53:39.000
610,52375711,ADMIN,01,15,02,08,,0,akt0081613,12121102731,ADMIN,2013-01-28 13:55:45.000
611,52375712,ADMIN,01,15,01,01,,120,akt0078373,12112600007,ADMIN,2013-01-24 11:55:38.000
612,52375712,ADMIN,01,19,02,08,,0,akt0078373,12112600007,ADMIN,2013-01-24 11:55:38.000
613,52375713,ADMIN,01,15,02,08,,0,akt0070440,13012100009,ADMIN,2013-02-06 10:10:55.000
614,52375714,ADMIN,01,15,02,08,,0,akt0081613,12112601828,ADMIN,2013-01-28 14:03:49.000
615,52375715,ADMIN,01,15,01,01,,2000,akt0082623,13010605316,ADMIN,2013-01-29 14:26:35.000
616,52375715,ADMIN,01,16,02,08,,0,akt0082623,13010605316,ADMIN,2013-01-29 14:26:35.000
617,52375716,ADMIN,01,15,01,01,,9650,akt0076118,12010500008,ADMIN,2013-01-29 13:26:42.000
618,52375716,ADMIN,01,15,02,08,,0,akt0076118,12011600005,ADMIN,2013-01-29 13:26:42.000
619,52375717,ADMIN,01,15,02,08,,0,akt0078671,12112801202,ADMIN,2013-01-29 13:28:38.000
620,52375718,ADMIN,08,11,02,08,,0,akt0076614,11110700004,ADMIN,2013-01-29 13:30:37.000
621,52375719,ADMIN,01,15,02,08,,0,akt0081613,12121700022,ADMIN,2013-01-29 13:32:58.000
622,52375720,ADMIN,01,15,02,08,,0,akt0079502,13010700031,ADMIN,2013-01-29 13:35:13.000
623,52375721,ADMIN,01,13,02,08,,0,,,ADMIN,2013-04-16 13:53:23.000
624,52375722,ADMIN,01,15,02,08,,0,akt0081616,12122700034,ADMIN,2013-01-29 13:47:46.000
625,52375723,ADMIN,01,15,02,08,,0,akt0080028,12112700038,ADMIN,2013-02-28 13:44:10.000
626,52375724,ADMIN,01,15,01,01,,4021,akt0076562,12090600043,ADMIN,2013-01-29 16:30:11.000
627,52375724,ADMIN,01,15,01,01,,2276,akt0076562,12090800007,ADMIN,2013-01-29 16:30:11.000
628,52375724,ADMIN,01,15,02,08,,0,akt0076562,12092200079,ADMIN,2013-01-29 16:30:11.000
629,52375725,ADMIN,01,15,02,08,,0,akt0079737,13010100124,ADMIN,2013-01-29 16:32:04.000
630,52375726,ADMIN,01,15,01,01,,260,akt0080722,12091300086,ADMIN,2013-01-29 16:34:02.000
631,52375726,ADMIN,01,25,02,08,,0,akt0080722,12091300086,ADMIN,2013-05-24 16:48:55.000
632,52375727,ADMIN,01,15,02,08,,0,akt0081613,13010500766,ADMIN,2013-01-29 16:45:46.000
633,52375728,ADMIN,08,11,02,08,,0,akt0074766,11111400002,ADMIN,2013-01-29 16:48:09.000
634,52375729,ADMIN,01,15,02,08,,0,akt0074040,12080200003,ADMIN,2013-01-29 16:52:13.000
635,52375730,ADMIN,01,25,02,08,,0,akt0082623,13010601002,ADMIN,2013-05-27 00:00:00.000
636,52375731,ADMIN,01,15,01,01,,29,akt0081697,12082700113,ADMIN,2013-01-29 17:29:27.000
637,52375731,ADMIN,01,19,02,08,,0,akt0081697,12082700113,ADMIN,2013-01-29 17:29:27.000
638,52375732,ADMIN,01,15,02,08,,0,akt0008040,12090300001,ADMIN,2013-01-29 17:32:17.000
639,52375733,ADMIN,01,15,01,01,,4540,akt0081613,12113001342,ADMIN,2013-01-29 17:35:46.000
640,52375733,ADMIN,01,15,02,08,,0,akt0081613,12123101319,ADMIN,2013-01-29 17:35:46.000
641,52375734,ADMIN,01,15,02,08,,0,akt0081613,13010200641,ADMIN,2013-01-29 17:38:08.000
642,52375735,ADMIN,01,15,02,08,,0,akt0075471,12092000001,ADMIN,2013-01-29 17:41:18.000
643,52375736,ADMIN,01,15,01,01,,75,akt0076820,12052500064,ADMIN,2013-01-29 17:44:20.000
644,52375736,ADMIN,01,19,02,08,,0,akt0076820,12052500064,ADMIN,2013-01-29 17:44:20.000
645,52375737,ADMIN,01,15,02,08,,0,akt0080028,12100900101,ADMIN,2013-01-29 17:46:29.000
646,52375738,ADMIN,01,15,02,08,,0,akt0078651,13011900040,ADMIN,2013-03-08 16:00:12.000
647,52375739,ADMIN,01,15,02,08,,0,akt0081613,12081002008,ADMIN,2013-01-29 17:53:51.000
648,52375740,ADMIN,01,15,02,08,,0,akt0076820,13011000363,ADMIN,2013-01-29 17:55:26.000
649,52375741,ADMIN,01,15,01,01,,13620,akt0081613,12101002511,ADMIN,2013-01-29 11:06:53.000
650,52375741,ADMIN,01,15,01,01,,9080,akt0081613,12110300147,ADMIN,2013-01-29 11:06:53.000
651,52375741,ADMIN,01,15,01,01,,4540,akt0081613,12120300396,ADMIN,2013-01-29 11:06:53.000
652,52375741,ADMIN,01,15,02,08,,0,akt0081613,13010300174,ADMIN,2013-01-29 11:06:53.000
653,52375742,ADMIN,01,15,02,08,,0,akt0080792,12091300035,ADMIN,2013-01-29 11:11:38.000
654,52375743,ADMIN,01,15,02,08,,0,akt0080792,12091300035,ADMIN,2013-01-29 11:11:58.000
655,52375744,ADMIN,01,13,02,08,,0,akt0080468,12121600495,ADMIN,2013-02-05 15:07:52.000
656,52375745,ADMIN,01,25,02,08,,0,akt0074962,11022800093,ADMIN,2013-05-27 00:00:00.000
657,52375746,ADMIN,01,15,02,08,,0,akt0061300,12122600008,ADMIN,2013-01-29 11:37:40.000
658,52375747,ADMIN,01,13,02,08,,0,akt0056010,12062500037,ADMIN,2013-03-19 15:08:30.000
659,52375748,ADMIN,01,15,01,01,,5540,akt0081613,13010101605,ADMIN,2013-01-29 12:28:23.000
660,52375748,ADMIN,01,15,02,08,,0,akt0081613,12120101652,ADMIN,2013-01-29 12:28:23.000
661,52375749,ADMIN,01,15,02,08,,0,akt0077587,12121700090,ADMIN,2013-01-29 12:29:54.000
662,52375750,ADMIN,01,15,01,01,,90,akt0078671,12071701100,ADMIN,2013-01-29 12:32:16.000
663,52375750,ADMIN,01,19,02,08,,0,akt0078671,12071701100,ADMIN,2013-01-29 12:32:16.000
664,52375751,ADMIN,01,15,02,08,,0,akt0057510,12121900034,ADMIN,2013-01-29 12:33:41.000
665,52375752,ADMIN,01,25,02,08,,0,,,ADMIN,2013-05-27 00:00:00.000
666,52375753,ADMIN,01,15,01,01,,2980,akt0079737,12101500413,ADMIN,2013-01-29 12:45:01.000
667,52375753,ADMIN,01,15,02,08,,0,akt0079737,12111501732,ADMIN,2013-01-29 12:45:01.000
668,52375754,ADMIN,01,15,02,08,,0,akt0077258,12122800020,ADMIN,2013-01-30 10:36:24.000
669,52375755,ADMIN,01,15,02,08,,0,akt0079737,12111501379,ADMIN,2013-01-30 10:38:26.000
670,52375756,ADMIN,01,15,02,08,,0,akt0080372,13010800032,ADMIN,2013-01-30 10:41:31.000
671,52375757,ADMIN,01,15,02,08,,0,akt0081613,12090602292,ADMIN,2013-01-30 10:44:11.000
672,52375758,ADMIN,01,15,02,08,,0,akt0078365,13011100096,ADMIN,2013-01-30 11:03:37.000
673,52375759,ADMIN,01,15,02,08,,0,akt0012230,12091900017,ADMIN,2013-01-30 11:07:18.000
674,52375760,ADMIN,01,15,02,08,,0,akt0075467,13011100007,ADMIN,2013-01-30 11:27:40.000
675,52375761,ADMIN,01,15,01,01,,18782,akt0075449,13010800033,ADMIN,2013-01-30 11:31:03.000
676,52375761,ADMIN,01,15,02,08,,0,akt0075449,13011100023,ADMIN,2013-01-30 11:31:03.000
677,52375762,ADMIN,01,15,02,08,,0,akt0080271,12070200144,ADMIN,2013-01-30 11:32:27.000
678,52375763,ADMIN,01,15,02,08,,0,akt0078671,12080400214,ADMIN,2013-01-30 11:34:41.000
679,52375764,ADMIN,01,15,02,08,,0,akt0081613,12050100246,ADMIN,2013-01-30 11:35:58.000
680,52375765,ADMIN,01,13,02,08,,0,akt0081613,12080302442,ADMIN,2013-02-08 14:42:36.000
681,52375766,ADMIN,01,15,02,08,,0,akt0081613,12121602509,ADMIN,2013-01-30 16:03:37.000
682,52375767,ADMIN,01,15,02,08,,0,akt0080760,13011100007,ADMIN,2013-01-30 16:05:12.000
683,52375768,ADMIN,01,15,01,01,,7300,akt0081508,12073100004,ADMIN,2013-01-30 16:13:04.000
684,52375768,ADMIN,01,15,02,08,,0,akt0081508,12080400002,ADMIN,2013-01-30 16:13:04.000
685,52375769,ADMIN,01,11,02,08,,0,akt0078427,11070400007,ADMIN,2013-01-30 16:14:30.000
686,52375770,ADMIN,01,15,02,08,,0,akt0078365,13010400083,ADMIN,2013-01-30 16:17:06.000
687,52375771,ADMIN,01,15,02,08,,0,akt0081613,12121500074,ADMIN,2013-01-30 16:19:01.000
688,52375772,ADMIN,01,15,02,08,,0,akt0055260,12091300660,ADMIN,2013-01-30 16:22:07.000
689,52375773,ADMIN,01,15,01,01,,2980,akt0079737,12121000669,ADMIN,2013-01-30 16:24:00.000
690,52375773,ADMIN,01,15,02,08,,0,akt0079737,13011000566,ADMIN,2013-01-30 16:24:00.000
691,52375774,ADMIN,01,15,01,01,,800,akt0074530,12120700006,ADMIN,2013-01-30 16:33:21.000
692,52375774,ADMIN,01,15,02,08,,0,akt0074530,12121100004,ADMIN,2013-01-30 16:33:21.000
693,52375775,ADMIN,01,16,02,08,,0,akt0021070,12122400002,ADMIN,2013-02-01 13:49:48.000
694,52375776,ADMIN,01,15,02,08,,0,akt0027280,12121100038,ADMIN,2013-01-30 16:45:54.000
695,52375777,ADMIN,01,15,02,08,,0,akt0073420,12050400160,ADMIN,2013-01-30 17:46:49.000
696,52375778,ADMIN,01,15,02,08,,0,akt0078189,12120500018,ADMIN,2013-01-30 17:57:17.000
697,52375779,ADMIN,01,15,02,08,,0,akt0075402,12123100004,ADMIN,2013-01-31 11:23:23.000
698,52375780,ADMIN,01,15,02,08,,0,akt0077394,12012000013,ADMIN,2013-01-31 11:26:21.000
699,52375781,ADMIN,01,11,02,08,,0,akt0031380,10032300042,ADMIN,2013-01-31 11:29:29.000
700,52375782,ADMIN,01,11,02,08,,0,akt0006730,10031600001,ADMIN,2013-01-31 11:29:53.000
701,52375783,ADMIN,01,16,02,08,,0,akt0080412,13010600051,ADMIN,2013-05-24 17:37:45.000
702,52375784,ADMIN,01,15,02,08,,0,akt0079737,13011500126,ADMIN,2013-01-31 11:32:57.000
703,52375785,ADMIN,01,15,02,08,,0,akt0078671,12101700571,ADMIN,2013-01-31 11:35:39.000
704,52375786,ADMIN,01,11,02,08,,0,akt0051600,09092400034,ADMIN,2013-01-31 12:43:15.000
705,52375787,ADMIN,01,15,01,01,,18600,akt0078373,12091800203,ADMIN,2013-01-31 13:22:14.000
706,52375787,ADMIN,01,15,02,08,,0,akt0042860,12091700001,ADMIN,2013-01-31 13:22:14.000
707,52375788,ADMIN,01,15,01,01,,1132,akt0081697,12091900156,ADMIN,2013-01-31 17:53:20.000
708,52375788,ADMIN,01,19,01,01,,948,akt0081697,12091900156,ADMIN,2013-01-31 17:53:20.000
709,52375788,ADMIN,01,15,02,08,,0,akt0081697,12092400306,ADMIN,2013-01-31 17:53:20.000
710,52375789,ADMIN,01,15,02,08,,0,akt0078509,12101100002,ADMIN,2013-01-31 17:58:43.000
711,52375790,ADMIN,01,15,02,08,,0,akt0081613,12122600185,ADMIN,2013-01-31 18:03:12.000
712,52375791,ADMIN,01,11,02,08,,0,akt0051600,08072500010,ADMIN,2013-01-31 18:06:16.000
713,52375792,ADMIN,01,25,02,08,,0,,,ADMIN,2013-05-27 00:00:00.000
714,52375793,ADMIN,01,15,01,01,,4148,akt0078671,12121500332,ADMIN,2013-01-31 18:13:05.000
715,52375793,ADMIN,01,15,02,08,,0,akt0078671,12121700713,ADMIN,2013-01-31 18:13:05.000
716,52375794,ADMIN,01,15,01,01,,3,akt0076562,12092800034,ADMIN,2013-01-31 10:20:41.000
717,52375794,ADMIN,01,19,02,08,,0,akt0076562,12092800034,ADMIN,2013-01-31 10:20:41.000
718,52375795,ADMIN,01,15,02,08,,0,akt0079737,13010400285,ADMIN,2013-01-31 10:24:51.000
719,52375796,ADMIN,01,15,02,08,,0,akt0081439,13010400004,ADMIN,2013-01-31 10:27:21.000
720,52375797,ADMIN,01,15,02,08,,0,akt0081613,13011600312,ADMIN,2013-01-30 10:00:41.000
721,52375798,ADMIN,01,15,02,08,,0,akt0079737,13010600491,ADMIN,2013-01-31 10:29:10.000
722,52375800,ADMIN,01,15,02,08,,0,akt0078298,11120500012,ADMIN,2013-01-31 10:35:35.000
723,52375801,ADMIN,01,15,02,08,,0,akt0079737,13011900282,ADMIN,2013-01-31 10:52:34.000
724,52375802,ADMIN,01,15,01,01,,3230,akt0080274,12111800285,ADMIN,2013-01-31 10:54:50.000
725,52375802,ADMIN,01,15,02,08,,0,akt0080274,12112200434,ADMIN,2013-01-31 10:54:50.000
726,52375803,ADMIN,01,15,02,08,,0,akt0080412,12112400041,ADMIN,2013-03-18 17:29:56.000
727,52375804,ADMIN,01,15,02,08,,0,akt0078774,12050900021,ADMIN,2013-01-31 11:45:06.000
728,52375805,ADMIN,01,11,02,08,,0,akt0027280,11081700124,ADMIN,2013-01-31 11:46:41.000
729,52375806,ADMIN,01,15,02,08,,0,akt0079502,13010900035,ADMIN,2013-01-31 11:48:11.000
730,52375807,ADMIN,01,16,02,08,,0,akt0082110,13010400063,ADMIN,2013-01-31 17:05:53.000
731,52375808,ADMIN,01,15,01,01,,3485,akt0055260,12112100800,ADMIN,2013-01-31 11:55:32.000
732,52375808,ADMIN,01,15,02,08,,0,akt0055260,12092400356,ADMIN,2013-01-31 11:55:32.000
733,52375809,ADMIN,01,15,02,08,,0,akt0071390,12122900037,ADMIN,2013-01-31 12:02:35.000
734,52375810,ADMIN,01,15,02,08,,0,akt0076379,12031900001,ADMIN,2013-01-31 12:07:09.000
735,52375811,ADMIN,01,15,02,08,,0,akt0081613,13011701070,ADMIN,2013-01-31 12:09:50.000
736,52375812,ADMIN,01,15,01,01,,2713,akt0082008,12092100043,ADMIN,2013-01-31 12:18:08.000
737,52375812,ADMIN,01,15,02,08,,0,akt0081697,12092100069,ADMIN,2013-01-31 12:18:08.000
738,52375813,ADMIN,01,13,02,08,,0,akt0081867,12092400142,ADMIN,2013-02-08 14:42:37.000
739,52375814,ADMIN,01,15,01,01,,13965,akt0079220,12042400030,ADMIN,2013-01-31 12:31:42.000
740,52375814,ADMIN,01,15,02,08,,0,akt0079220,12042000037,ADMIN,2013-01-31 12:31:42.000
741,52375815,ADMIN,01,15,01,01,,620,akt0079183,12121900003,ADMIN,2013-01-31 12:33:41.000
742,52375815,ADMIN,01,25,02,08,,0,akt0079183,12121900003,ADMIN,2013-05-24 17:10:41.000
743,52375816,ADMIN,01,15,02,08,,0,akt0020260,13012100014,ADMIN,2013-01-31 15:01:36.000
744,52375817,ADMIN,08,11,02,08,,0,akt0078409,11101300008,ADMIN,2013-01-31 15:03:48.000
745,52375818,ADMIN,01,15,01,01,,3295,akt0066750,12091500008,ADMIN,2013-01-31 15:11:09.000
746,52375818,ADMIN,01,15,02,08,,0,akt0066750,12091500009,ADMIN,2013-01-31 15:11:09.000
747,52375819,ADMIN,01,15,02,08,,0,akt0075360,13010800161,ADMIN,2013-02-07 16:37:10.000
748,52375820,ADMIN,01,15,02,08,,0,akt0067060,12122500001,ADMIN,2013-01-31 15:41:17.000
749,52375821,ADMIN,01,15,01,01,,2980,akt0079737,12122000404,ADMIN,2013-01-31 15:58:14.000
750,52375821,ADMIN,01,15,02,08,,0,akt0079737,13012000197,ADMIN,2013-01-31 15:58:14.000
751,52375822,ADMIN,01,15,02,08,,0,akt0082406,13011200089,ADMIN,2013-01-31 16:13:00.000
752,52375823,ADMIN,01,15,01,01,,11340,akt0080274,12121800317,ADMIN,2013-01-31 17:53:24.000
753,52375823,ADMIN,01,15,02,08,,0,akt0080302,12121000029,ADMIN,2013-01-31 17:53:24.000
754,52375824,ADMIN,01,15,01,01,,15352,akt0081451,12091300005,ADMIN,2013-01-31 17:55:56.000
755,52375824,ADMIN,01,15,02,08,,0,akt0081451,12091500006,ADMIN,2013-01-31 17:55:56.000
756,52375825,ADMIN,01,15,02,08,,0,akt0081613,13011501483,ADMIN,2013-01-31 17:57:30.000
757,52375826,ADMIN,01,15,02,08,,0,akt0070280,12062800001,ADMIN,2013-01-31 17:59:18.000
758,52375827,ADMIN,01,15,02,08,,0,akt0081613,12111402133,ADMIN,2013-01-31 18:02:51.000
759,52375828,ADMIN,01,15,01,01,,30,akt0081812,12121900004,ADMIN,2013-01-31 18:06:32.000
760,52375828,ADMIN,01,19,02,08,,0,akt0081812,12121900004,ADMIN,2013-01-31 18:06:32.000
761,52375829,ADMIN,01,15,02,08,,0,akt0076463,12092800037,ADMIN,2013-01-31 18:08:30.000
762,52375830,ADMIN,01,15,01,01,,370,akt0082141,12112600032,ADMIN,2013-02-01 10:29:40.000
763,52375830,ADMIN,01,25,02,08,,0,akt0082141,12112600032,ADMIN,2013-05-24 17:14:29.000
764,52375831,ADMIN,01,11,02,08,,0,akt0074988,11121600001,ADMIN,2013-02-06 10:32:29.000
765,52375832,ADMIN,01,15,02,08,,0,akt0081613,13011701182,ADMIN,2013-02-01 10:47:44.000
766,52375833,ADMIN,01,15,02,08,,0,akt0074825,13010500766,ADMIN,2013-02-07 16:34:10.000
767,52375834,ADMIN,01,15,02,08,,0,akt0081613,12092601766,ADMIN,2013-02-01 11:11:10.000
768,52375835,ADMIN,01,25,02,08,,0,akt0081613,12092501872,ADMIN,2013-05-27 00:00:00.000
769,52375836,ADMIN,01,11,02,08,,0,akt0076041,11062900001,ADMIN,2013-02-01 11:22:36.000
770,52375837,ADMIN,01,15,02,08,,0,akt0080722,12122500020,ADMIN,2013-02-01 11:24:33.000
771,52375838,ADMIN,01,25,02,08,,0,akt0081129,12100500058,ADMIN,2013-05-27 00:00:00.000
772,52375839,ADMIN,01,15,01,01,,2190,akt0078671,12100500447,ADMIN,2013-02-01 12:57:12.000
773,52375839,ADMIN,01,15,02,08,,0,akt0056010,12100100046,ADMIN,2013-02-01 12:57:12.000
774,52375840,ADMIN,01,15,01,01,,980,akt0081613,12100600009,ADMIN,2013-02-01 12:59:41.000
775,52375840,ADMIN,01,15,02,08,,0,akt0081613,12093002139,ADMIN,2013-02-01 12:59:41.000
776,52375841,ADMIN,01,15,02,08,,0,akt0081770,12080500003,ADMIN,2013-02-01 13:01:37.000
777,52375842,ADMIN,01,15,01,01,,10050,akt0079737,12100300498,ADMIN,2013-02-01 13:07:54.000
778,52375842,ADMIN,01,19,01,01,,9900,akt0079737,12100300498,ADMIN,2013-02-01 13:07:54.000
779,52375842,ADMIN,01,15,01,01,,4950,akt0079737,12090300363,ADMIN,2013-02-01 13:07:54.000
780,52375842,ADMIN,01,15,02,08,,0,akt0079737,12110100514,ADMIN,2013-02-01 13:07:54.000
781,52375843,ADMIN,01,15,02,08,,0,akt0081613,13011300558,ADMIN,2013-02-01 13:09:46.000
782,52375844,ADMIN,01,15,02,08,,0,akt0076089,12092400018,ADMIN,2013-02-01 13:17:18.000
783,52375845,ADMIN,01,15,01,01,,19968,akt0081767,12112900040,ADMIN,2013-01-29 17:01:51.000
784,52375845,ADMIN,01,15,01,01,,5058,akt0081747,12112900052,ADMIN,2013-01-29 17:01:51.000
785,52375845,ADMIN,01,15,02,08,,0,akt0080122,12120300001,ADMIN,2013-01-29 17:01:51.000
786,52375846,ADMIN,01,15,01,01,,2044,akt0074965,12022400164,ADMIN,2013-01-31 15:15:01.000
787,52375846,ADMIN,01,15,01,01,,74,akt0074965,12030500165,ADMIN,2013-01-31 15:15:01.000
788,52375846,ADMIN,01,19,02,08,,0,akt0074965,12030500165,ADMIN,2013-01-31 15:15:01.000
789,52375847,ADMIN,01,25,02,08,,0,akt0081360,12060600076,ADMIN,2013-05-27 00:00:00.000
790,52375848,ADMIN,01,15,01,01,,3870,akt0079737,12012600686,ADMIN,2013-01-31 15:24:28.000
791,52375848,ADMIN,01,15,02,08,,0,akt0079737,12032300771,ADMIN,2013-01-31 15:24:28.000
792,52375849,ADMIN,01,15,02,08,,0,akt0081613,12090800838,ADMIN,2013-01-31 15:26:15.000
793,52375850,ADMIN,01,15,02,08,,0,akt0078790,12121900159,ADMIN,2013-01-31 15:31:38.000
794,52375851,ADMIN,01,15,02,08,,0,akt0082167,12100500089,ADMIN,2013-01-31 15:35:03.000
795,52375852,ADMIN,01,15,02,08,,0,akt0014210,13011800001,ADMIN,2013-01-31 15:39:49.000
796,52375853,ADMIN,01,13,02,08,,0,akt0081613,12100600497,ADMIN,2013-02-18 10:47:32.000
797,52375854,ADMIN,01,15,01,01,,2104,akt0080468,13012200232,ADMIN,2013-01-31 15:48:46.000
798,52375854,ADMIN,01,15,02,08,,0,akt0080468,13012200253,ADMIN,2013-01-31 15:48:46.000
799,52375855,ADMIN,01,15,02,08,,0,akt0077301,13012400066,ADMIN,2013-01-31 15:51:09.000
800,52375856,ADMIN,01,15,02,08,,0,akt0081540,13011000106,ADMIN,2013-01-31 15:53:31.000
801,52375857,ADMIN,01,15,01,01,,80,akt0079567,12061600003,ADMIN,2013-01-31 16:05:08.000
802,52375857,ADMIN,01,19,02,08,,0,akt0079567,12061600003,ADMIN,2013-01-31 16:05:08.000
803,52375858,ADMIN,01,15,01,01,,25,akt0075237,12121600094,ADMIN,2013-01-31 16:20:02.000
804,52375858,ADMIN,01,19,02,08,,0,akt0075237,12121600094,ADMIN,2013-01-31 16:20:02.000
805,52375859,ADMIN,01,15,02,08,,0,akt0079908,12022700017,ADMIN,2013-01-31 16:45:24.000
806,52375860,ADMIN,01,15,02,08,,0,akt0079908,12021900010,ADMIN,2013-01-31 16:49:52.000
807,52375861,ADMIN,01,15,02,08,,0,akt0080852,12120500027,ADMIN,2013-01-31 16:55:41.000
808,52375862,ADMIN,01,15,01,01,,19423,akt0024740,12100200001,ADMIN,2013-01-31 17:01:46.000
809,52375862,ADMIN,01,15,02,08,,0,akt0024740,12091900001,ADMIN,2013-01-31 17:01:46.000
810,52375799,ADMIN,01,15,02,08,,0,akt0079737,13011800615,ADMIN,2013-01-29 14:15:13.000
811,52375863,ADMIN,01,15,02,08,,0,akt0079737,12092502473,ADMIN,2013-02-01 17:22:41.000
812,52375864,ADMIN,01,15,02,08,,0,akt0082372,13011600007,ADMIN,2013-02-01 17:28:24.000
813,52375865,ADMIN,01,13,02,08,,0,,,ADMIN,2013-04-16 13:53:23.000
814,52375866,ADMIN,01,15,02,08,,0,akt0074616,12092800006,ADMIN,2013-02-01 17:30:31.000
815,52375867,ADMIN,01,15,01,01,,1847,akt0079344,12100900004,ADMIN,2013-03-14 16:39:20.000
816,52375867,ADMIN,01,15,01,01,,1000,akt0078921,12100100059,ADMIN,2013-03-14 16:39:20.000
817,52375867,ADMIN,01,25,02,08,,0,akt0079344,12100900004,ADMIN,2013-05-24 17:18:42.000
818,52375868,ADMIN,01,15,02,08,,0,akt0080780,12042000005,ADMIN,2013-02-06 10:37:01.000
819,52375869,ADMIN,08,11,02,08,,0,akt0080105,11091200077,ADMIN,2013-02-01 17:47:12.000
820,52375870,ADMIN,01,15,01,01,,5540,akt0081613,12082500569,ADMIN,2013-02-01 17:50:45.000
821,52375870,ADMIN,01,15,02,08,,0,akt0081613,12092400361,ADMIN,2013-02-01 17:50:45.000
822,52375871,ADMIN,01,15,01,01,,1670,akt0080468,12100600288,ADMIN,2013-02-04 09:53:51.000
823,52375871,ADMIN,01,15,01,01,,1205,akt0080468,12101900565,ADMIN,2013-02-04 09:53:51.000
824,52375871,ADMIN,01,25,02,08,,0,akt0080468,12100600288,ADMIN,2013-05-24 17:20:02.000
825,52375872,ADMIN,01,15,02,08,,0,akt0076885,12121300051,ADMIN,2013-02-04 10:13:15.000
826,52375873,ADMIN,01,15,01,01,,1980,akt0079737,13011500546,ADMIN,2013-02-04 10:17:26.000
827,52375873,ADMIN,01,15,02,08,,0,akt0079737,12121900915,ADMIN,2013-02-04 10:17:26.000
828,52375874,ADMIN,01,15,01,01,,5540,akt0081613,12121400746,ADMIN,2013-02-04 10:26:07.000
829,52375874,ADMIN,01,15,02,08,,0,akt0081613,13011800731,ADMIN,2013-02-04 10:26:07.000
830,52375875,ADMIN,01,15,02,08,,0,akt0012230,12121000058,ADMIN,2013-02-04 10:29:03.000
831,52375876,ADMIN,01,15,01,01,,25000,akt0069460,12122000003,ADMIN,2013-02-04 10:31:35.000
832,52375876,ADMIN,01,15,02,08,,0,akt0069460,12121800003,ADMIN,2013-02-04 10:31:35.000
833,52375877,ADMIN,01,15,01,01,,14644,akt0078671,12031300410,ADMIN,2013-02-04 10:50:01.000
834,52375877,ADMIN,01,15,01,01,,12764,akt0080319,12031000025,ADMIN,2013-02-04 10:50:01.000
835,52375877,ADMIN,01,15,01,01,,6294,akt0080792,12031300033,ADMIN,2013-02-04 10:50:01.000
836,52375877,ADMIN,01,15,01,01,,314,akt0081143,12031300013,ADMIN,2013-02-04 10:50:01.000
837,52375877,ADMIN,01,15,02,08,,0,akt0081143,12031900260,ADMIN,2013-02-04 10:50:01.000
838,52375878,ADMIN,01,15,02,08,,0,akt0079266,12121700008,ADMIN,2013-02-04 10:54:33.000
839,52375879,ADMIN,01,15,02,08,,0,akt0076540,12122600009,ADMIN,2013-02-04 10:55:56.000
840,52375880,ADMIN,01,15,01,01,,2000,akt0078671,12110501284,ADMIN,2013-02-04 10:58:39.000
841,52375880,ADMIN,01,15,02,08,,0,akt0078671,12110502017,ADMIN,2013-02-04 10:58:39.000
842,52375881,ADMIN,01,11,02,08,,0,akt0075558,11092000002,ADMIN,2013-02-04 11:02:31.000
843,52375882,ADMIN,01,11,02,08,,0,akt0071390,11120300018,ADMIN,2013-02-07 11:09:25.000
844,52375883,ADMIN,01,15,02,08,,0,akt0077320,12092100019,ADMIN,2013-02-01 10:35:39.000
845,52375884,ADMIN,01,15,01,01,,200,akt0079866,12070300001,ADMIN,2013-02-01 10:37:31.000
846,52375884,ADMIN,01,19,02,08,,0,akt0079866,12070300001,ADMIN,2013-02-01 10:37:31.000
847,52375885,ADMIN,01,15,01,01,,700,akt0081279,13010100193,ADMIN,2013-02-01 16:22:26.000
848,52375885,ADMIN,01,25,02,08,,0,akt0081279,13010100193,ADMIN,2013-05-24 17:21:45.000
849,52375886,ADMIN,01,15,01,01,,10,akt0080028,12090700296,ADMIN,2013-02-01 10:43:02.000
850,52375886,ADMIN,01,19,02,08,,0,akt0080028,12090700296,ADMIN,2013-02-01 10:43:02.000
851,52375887,ADMIN,01,15,02,08,,0,akt0081689,13010700060,ADMIN,2013-02-01 10:45:36.000
852,52375888,ADMIN,01,15,01,01,,11080,akt0081613,12100102512,ADMIN,2013-02-01 10:49:17.000
853,52375888,ADMIN,01,15,01,01,,5540,akt0081613,12110102547,ADMIN,2013-02-01 10:49:17.000
854,52375888,ADMIN,01,15,02,08,,0,akt0081613,12120102528,ADMIN,2013-02-01 10:49:17.000
855,52375889,ADMIN,01,25,02,08,,0,akt0081767,12082900142,ADMIN,2013-05-27 00:00:00.000
856,52375890,ADMIN,08,11,02,08,,0,akt0073930,11101700004,ADMIN,2013-02-01 11:10:22.000
857,52375891,ADMIN,01,15,01,01,,2980,akt0079737,13010900906,ADMIN,2013-02-01 11:14:04.000
858,52375891,ADMIN,01,15,02,08,,0,akt0079737,13012000132,ADMIN,2013-02-01 11:14:04.000
859,52375892,ADMIN,01,15,02,08,,0,akt0080468,12101100175,ADMIN,2013-02-01 11:22:35.000
860,52375893,ADMIN,01,15,02,08,,0,akt0078152,12032100001,ADMIN,2013-02-01 11:35:37.000
861,52375894,ADMIN,01,15,01,01,,200,akt0081655,13011200012,ADMIN,2013-02-01 12:26:22.000
862,52375894,ADMIN,01,19,02,08,,0,akt0081655,13011200012,ADMIN,2013-02-01 12:26:22.000
863,52375895,ADMIN,01,15,01,01,,5540,akt0081613,12120200788,ADMIN,2013-02-01 12:41:56.000
864,52375895,ADMIN,01,15,02,08,,0,akt0081613,13010200793,ADMIN,2013-02-01 12:41:56.000
865,52375896,ADMIN,01,15,02,08,,0,akt0079220,12051900025,ADMIN,2013-02-01 17:50:28.000
866,52375897,ADMIN,01,15,01,01,,800,akt0027280,12082300064,ADMIN,2013-02-05 17:48:31.000
867,52375897,ADMIN,01,13,02,08,,0,akt0027280,12082300064,ADMIN,2013-02-22 14:45:18.000
868,52375898,ADMIN,01,15,01,01,,120,akt0081613,12100401062,ADMIN,2013-03-28 14:24:17.000
869,52375898,ADMIN,01,19,02,08,,0,akt0081613,12100401062,ADMIN,2013-03-28 14:24:17.000
870,52375899,ADMIN,01,15,02,08,,0,akt0079907,13010700040,ADMIN,2013-02-01 18:05:23.000
871,52375900,ADMIN,01,15,02,08,,0,akt0075449,12122300001,ADMIN,2013-01-31 10:45:56.000
872,52375901,ADMIN,01,15,02,08,,0,akt0010710,12062800001,ADMIN,2013-02-19 14:27:31.000
873,52375902,ADMIN,01,15,02,08,,0,akt0079502,12110800034,ADMIN,2013-02-01 18:10:58.000
874,52375903,ADMIN,01,15,02,08,,0,akt0055260,12121100428,ADMIN,2013-02-04 11:09:19.000
875,52375904,ADMIN,01,15,01,01,,3870,akt0079737,12041100841,ADMIN,2013-02-06 10:40:56.000
876,52375904,ADMIN,01,15,02,08,,0,akt0079737,12051001236,ADMIN,2013-02-06 10:40:56.000
877,52375905,ADMIN,01,15,02,08,,0,akt0027280,13010400664,ADMIN,2013-02-04 11:32:41.000
878,52375906,ADMIN,01,15,01,01,,4455,akt0076093,12092100001,ADMIN,2013-02-04 11:38:44.000
879,52375906,ADMIN,01,15,02,08,,0,akt0076093,12112100006,ADMIN,2013-02-04 11:38:44.000
880,52375907,ADMIN,01,15,02,08,,0,akt0081616,13012100024,ADMIN,2013-02-04 11:40:34.000
881,52375908,ADMIN,01,15,02,08,,0,akt0080161,12110800091,ADMIN,2013-02-04 11:42:43.000
882,52375909,ADMIN,01,15,02,08,,0,akt0081613,13012301627,ADMIN,2013-02-04 11:44:07.000
883,52375910,ADMIN,01,15,02,08,,0,akt0076390,12022800002,ADMIN,2013-02-04 11:46:29.000
884,52375911,ADMIN,01,15,01,01,,1980,akt0079737,12081601456,ADMIN,2013-02-04 12:58:07.000
885,52375911,ADMIN,01,15,02,08,,0,akt0079737,12061900725,ADMIN,2013-02-04 12:58:07.000
886,52375912,ADMIN,01,15,02,08,,0,akt0081449,12101200001,ADMIN,2013-02-04 13:05:56.000
887,52375913,ADMIN,01,15,01,01,,8,akt0082008,12092000025,ADMIN,2013-02-04 13:08:14.000
888,52375913,ADMIN,01,19,02,08,,0,akt0082008,12092000025,ADMIN,2013-02-04 13:08:14.000
889,52375914,ADMIN,01,15,01,01,,279,akt0078671,12122900475,ADMIN,2013-02-04 14:16:58.000
890,52375914,ADMIN,01,25,02,08,,0,akt0078671,12122900475,ADMIN,2013-05-24 17:23:49.000
891,52375915,ADMIN,01,15,02,08,,0,akt0080468,12122900307,ADMIN,2013-05-24 17:24:54.000
892,52375916,ADMIN,01,15,02,08,,0,akt0081613,12100700709,ADMIN,2013-02-04 14:22:13.000
893,52375917,ADMIN,01,15,01,01,,2083,akt0079159,12112500019,ADMIN,2013-02-04 13:37:27.000
894,52375917,ADMIN,01,15,02,08,,0,akt0079159,12112400029,ADMIN,2013-02-04 13:37:27.000
895,52375918,ADMIN,01,15,02,08,,0,akt0081613,12081000287,ADMIN,2013-02-01 17:25:08.000
896,52375919,ADMIN,01,15,01,01,,4540,akt0081613,12110201141,ADMIN,2013-02-04 13:40:22.000
897,52375919,ADMIN,01,15,02,08,,0,akt0081613,12120201139,ADMIN,2013-02-04 13:40:22.000
898,52375920,ADMIN,01,13,02,08,,0,akt0079737,12100800736,ADMIN,2013-03-07 14:47:02.000
899,52375921,ADMIN,01,15,02,08,,0,akt0081613,12112205348,ADMIN,2013-02-04 13:46:33.000
900,52375922,ADMIN,01,15,01,01,,1743,akt0081697,12092100379,ADMIN,2013-02-04 13:50:46.000
901,52375922,ADMIN,01,15,01,01,,995,akt0081697,12092100331,ADMIN,2013-02-04 13:50:46.000
902,52375922,ADMIN,01,15,02,08,,0,akt0081697,12092400119,ADMIN,2013-02-04 13:50:46.000
903,52375923,ADMIN,01,15,02,08,,0,akt0077796,12121400021,ADMIN,2013-02-04 13:53:30.000
904,52375924,ADMIN,01,15,02,08,,0,akt0079737,12122500853,ADMIN,2013-02-04 13:55:32.000
905,52375925,ADMIN,01,15,01,01,,291,akt0080722,12060800011,ADMIN,2013-02-04 13:58:29.000
906,52375925,ADMIN,01,25,02,08,,0,akt0080722,12060800011,ADMIN,2013-05-24 17:25:58.000
907,52375926,ADMIN,01,11,02,08,,0,akt0027280,09041700045,ADMIN,2013-02-04 14:08:26.000
908,52375927,ADMIN,01,15,01,01,,185,akt0079907,13010200033,ADMIN,2013-02-04 14:14:18.000
909,52375927,ADMIN,01,19,02,08,,0,akt0079907,13010200033,ADMIN,2013-02-04 14:14:18.000
910,52375928,ADMIN,06,15,01,01,,800,akt0081143,12092000052,ADMIN,2013-02-04 14:26:03.000
911,52375928,ADMIN,06,25,02,08,,0,akt0081143,12092000052,ADMIN,2013-05-24 17:27:20.000
912,52375929,ADMIN,01,15,01,01,,30,akt0080319,12081400005,ADMIN,2013-02-04 14:36:51.000
913,52375929,ADMIN,01,19,02,08,,0,akt0080319,12081400005,ADMIN,2013-02-04 14:36:51.000
914,52375930,ADMIN,01,15,01,01,,2980,akt0079737,12120700362,ADMIN,2013-02-04 14:38:41.000
915,52375930,ADMIN,01,15,02,08,,0,akt0079737,13010700155,ADMIN,2013-02-04 14:38:41.000
916,52375931,ADMIN,01,15,02,08,,0,akt0074616,13012400075,ADMIN,2013-02-04 14:41:38.000
917,52375932,ADMIN,01,15,02,08,,0,akt0078671,12092200627,ADMIN,2013-02-04 14:43:12.000
918,52375933,ADMIN,01,15,02,08,,0,akt0080560,12100200010,ADMIN,2013-02-04 14:58:34.000
919,52375934,ADMIN,01,15,02,08,,0,akt0075402,12110700003,ADMIN,2013-02-04 15:01:09.000
920,52375935,ADMIN,01,15,02,08,,0,akt0081613,13010400056,ADMIN,2013-02-19 15:36:43.000
921,52375936,ADMIN,01,15,01,01,,6500,akt0077694,12122300001,ADMIN,2013-02-04 15:50:38.000
922,52375936,ADMIN,01,15,02,08,,0,akt0077694,12122300002,ADMIN,2013-02-04 15:50:38.000
923,52375937,ADMIN,01,25,02,08,,0,akt0074406,12092800003,ADMIN,2013-05-27 00:00:00.000
924,52375938,ADMIN,01,15,01,01,,19420,akt0076893,12090600014,ADMIN,2013-02-04 10:25:08.000
925,52375938,ADMIN,01,15,02,08,,0,akt0076893,12091000038,ADMIN,2013-02-04 10:25:08.000
926,52375939,ADMIN,01,15,02,08,,0,akt0077445,12122500003,ADMIN,2013-05-24 17:29:20.000
927,52375940,ADMIN,01,13,02,08,,0,,,ADMIN,2013-02-13 15:37:02.000
928,52375941,ADMIN,01,15,02,08,,0,akt0079737,13012200352,ADMIN,2013-02-04 10:36:17.000
929,52375942,ADMIN,01,15,02,08,,0,akt0078920,13011800001,ADMIN,2013-02-04 10:38:04.000
930,52375943,ADMIN,01,15,02,08,,0,akt0079737,13012400433,ADMIN,2013-02-04 10:39:05.000
931,52375944,ADMIN,01,11,02,08,,0,akt0001050,09110900001,ADMIN,2013-02-04 14:23:33.000
932,52375945,ADMIN,01,15,02,08,,0,akt0081613,13012500218,ADMIN,2013-02-04 10:46:12.000
933,52375946,ADMIN,01,15,02,08,,0,akt0080468,13011000413,ADMIN,2013-05-24 17:30:51.000
934,52375947,ADMIN,01,15,02,08,,0,akt0080210,12092300001,ADMIN,2013-02-04 10:52:46.000
935,52375948,ADMIN,01,13,02,08,,0,,,ADMIN,2013-02-08 14:42:37.000
936,52375949,ADMIN,01,15,02,08,,0,akt0081768,12082000041,ADMIN,2013-02-04 11:17:04.000
937,52375950,ADMIN,01,14,02,08,,0,,,ADMIN,2013-02-15 10:50:10.000
938,52375951,ADMIN,01,15,01,01,,10640,akt0019450,12092800001,ADMIN,2013-02-04 11:23:48.000
939,52375951,ADMIN,01,15,02,08,,0,akt0019450,12092600002,ADMIN,2013-02-04 11:23:48.000
940,52375952,ADMIN,01,13,02,08,,0,,,ADMIN,2013-02-15 15:47:08.000
941,52375953,ADMIN,01,15,02,08,,0,akt0078671,13010800206,ADMIN,2013-02-01 13:44:07.000
942,52375954,ADMIN,01,15,02,08,,0,akt0077416,12110700016,ADMIN,2013-02-04 11:31:42.000
943,52375955,ADMIN,01,15,02,08,,0,akt0080242,13010900005,ADMIN,2013-02-13 12:40:14.000
944,52375956,ADMIN,01,15,02,08,,0,akt0077416,12052900005,ADMIN,2013-02-04 11:42:05.000
945,52375957,ADMIN,01,15,02,08,,0,akt0081613,13012500071,ADMIN,2013-02-04 11:44:25.000
946,52375958,ADMIN,01,15,02,08,,0,akt0082406,13010900023,ADMIN,2013-02-07 11:46:38.000
947,52375959,ADMIN,01,15,01,01,,3680,akt0078671,12091300488,ADMIN,2013-02-04 11:58:49.000
948,52375959,ADMIN,01,15,02,08,,0,akt0078671,12092800575,ADMIN,2013-02-04 11:58:49.000
949,52375960,ADMIN,01,25,02,08,,0,akt0081234,12122400001,ADMIN,2013-05-27 00:00:00.000
950,52375961,ADMIN,01,15,02,08,,0,akt0080288,12061400001,ADMIN,2013-02-04 12:11:31.000
951,52375962,ADMIN,01,15,02,08,,0,akt0075400,12062500023,ADMIN,2013-02-04 12:12:03.000
952,52375963,ADMIN,01,15,01,01,,2400,akt0081654,12090700010,ADMIN,2013-02-04 12:16:02.000
953,52375963,ADMIN,01,15,02,08,,0,akt0081654,12090700013,ADMIN,2013-02-04 12:16:02.000
954,52375964,ADMIN,01,15,02,08,,0,akt0001670,13011700002,ADMIN,2013-02-04 12:17:58.000
955,52375965,ADMIN,01,15,02,08,,0,akt0076936,12072400040,ADMIN,2013-02-04 12:19:43.000
956,52375966,ADMIN,01,15,02,08,,0,akt0079737,12092900076,ADMIN,2013-02-04 12:21:56.000
957,52375967,ADMIN,01,11,02,08,,0,akt0074394,11080400006,ADMIN,2013-02-04 12:23:19.000
958,52375968,ADMIN,01,25,02,08,,0,akt0080468,12100700273,ADMIN,2013-05-27 00:00:00.000
959,52375969,ADMIN,01,13,02,08,,0,,,ADMIN,2013-03-21 15:07:04.000
960,52375970,ADMIN,01,15,02,08,,0,akt0075124,12070900056,ADMIN,2013-02-05 10:04:36.000
961,52375971,ADMIN,01,15,02,08,,0,akt0000460,12100300012,ADMIN,2013-02-05 10:06:03.000
962,52375972,ADMIN,01,13,02,08,,0,,,ADMIN,2013-02-13 15:37:03.000
963,52375973,ADMIN,01,15,02,08,,0,akt0079737,12112200853,ADMIN,2013-02-05 10:18:51.000
964,52375974,ADMIN,01,15,02,08,,0,akt0080854,13010800003,ADMIN,2013-05-24 17:32:16.000
965,52375975,ADMIN,01,15,02,08,,0,akt0027280,12051500216,ADMIN,2013-02-04 12:24:42.000
966,52375976,ADMIN,01,15,02,08,,0,akt0055260,12122600410,ADMIN,2013-02-05 10:45:53.000
967,52375977,ADMIN,01,15,02,08,,0,akt0080068,12082100008,ADMIN,2013-02-05 10:48:12.000
968,52375978,ADMIN,01,15,01,01,,4950,akt0079737,12092001328,ADMIN,2013-02-05 10:57:28.000
969,52375978,ADMIN,01,15,02,08,,0,akt0079737,12112200199,ADMIN,2013-02-05 10:57:28.000
970,52375979,ADMIN,01,15,02,08,,0,akt0079396,12121700001,ADMIN,2013-02-05 10:59:49.000
971,52375980,ADMIN,01,15,02,08,,0,akt0079812,12121100008,ADMIN,2013-02-04 12:28:04.000
972,52375981,ADMIN,01,15,02,08,,0,akt0074888,13011100007,ADMIN,2013-02-05 11:01:14.000
973,52375982,ADMIN,01,15,02,08,,0,akt0078604,12071800012,ADMIN,2013-02-04 12:31:02.000
974,52375983,ADMIN,01,15,01,01,,3070,akt0081565,12092700038,ADMIN,2013-02-05 11:04:10.000
975,52375983,ADMIN,01,15,02,08,,0,akt0082139,12100900003,ADMIN,2013-02-05 11:04:10.000
976,52375984,ADMIN,01,13,02,08,,0,akt0079737,12102300208,ADMIN,2013-02-25 15:29:25.000
977,52375985,ADMIN,01,15,02,08,,0,akt0081835,12100500001,ADMIN,2013-02-04 18:01:50.000
978,52375986,ADMIN,01,15,02,08,,0,akt0005930,12072800004,ADMIN,2013-02-05 11:08:28.000
979,52375987,ADMIN,01,15,02,08,,0,akt0075467,12112000124,ADMIN,2013-02-05 11:11:12.000
980,52375988,ADMIN,01,15,02,08,,0,akt0081613,13010500141,ADMIN,2013-02-05 11:33:49.000
981,52375989,ADMIN,01,15,02,08,,0,akt0081338,12091200001,ADMIN,2013-02-05 11:37:22.000
982,52375990,ADMIN,01,15,01,01,,1890,akt0059440,12082800010,ADMIN,2013-02-05 11:39:52.000
983,52375990,ADMIN,01,15,02,08,,0,akt0081143,12112000580,ADMIN,2013-02-05 11:39:52.000
984,52375991,ADMIN,01,15,02,08,,0,akt0019330,12121500002,ADMIN,2013-02-15 13:39:21.000
985,52375992,ADMIN,01,15,01,01,,415,akt0080468,12092400390,ADMIN,2013-02-05 11:51:07.000
986,52375992,ADMIN,01,15,02,08,,0,akt0080468,12092500575,ADMIN,2013-02-05 11:51:07.000
987,52375993,ADMIN,01,15,02,08,,0,akt0080453,12122500004,ADMIN,2013-02-05 11:52:53.000
988,52375994,ADMIN,01,15,01,01,,100,akt0077111,12052900003,ADMIN,2013-02-05 11:55:36.000
989,52375994,ADMIN,01,19,02,08,,0,akt0077111,12052900003,ADMIN,2013-02-05 11:55:36.000
990,52375995,ADMIN,01,15,02,08,,0,akt0082237,13012500024,ADMIN,2013-02-05 12:59:37.000
991,52375996,ADMIN,01,15,02,08,,0,akt0011570,13011600022,ADMIN,2013-02-05 13:00:45.000
992,52375997,ADMIN,01,15,02,08,,0,akt0073420,12112800092,ADMIN,2013-02-07 12:03:22.000
993,52375998,ADMIN,01,15,02,08,,0,akt0080028,13011600127,ADMIN,2013-02-05 13:19:56.000
994,52375999,ADMIN,01,15,01,01,,4836,akt0080468,12091000486,ADMIN,2013-02-05 13:23:21.000
995,52375999,ADMIN,01,15,01,01,,2470,akt0080468,12091200492,ADMIN,2013-02-05 13:23:21.000
996,52375999,ADMIN,01,15,02,08,,0,akt0080468,12091200561,ADMIN,2013-02-05 13:23:21.000
997,52376000,ADMIN,01,15,01,01,,8800,akt0074996,13011600003,ADMIN,2013-02-05 13:27:45.000
998,52376000,ADMIN,01,15,02,08,,0,akt0074996,13011600004,ADMIN,2013-02-05 13:27:45.000
999,52376001,ADMIN,01,13,02,08,,0,,,ADMIN,2013-02-15 15:29:52.000
1000,52376002,ADMIN,01,15,02,08,,0,akt0081613,13012500524,ADMIN,2013-02-05 11:28:49.000
